segment,mean,median,max
2021-01-01-0,0.00,0.00,0.00
2021-01-01-1,18.30,11.37,127.30
2021-01-01-2,9.46,7.76,84.38
2021-01-01-3,7.03,6.90,20.74
2021-01-01-4,9.18,8.58,24.18
2021-01-01-5,12.68,11.15,30.70
2021-01-01-6,16.11,15.76,29.66
2021-01-01-7,21.65,19.02,247.82
2021-01-01-9,19.96,20.90,29.32
2021-01-01-10,20.42,22.25,29.55
2021-01-01-11,19.99,21.06,30.00
2021-01-01-12,20.15,20.86,29.07
2021-01-01-15,19.71,20.87,27.80
2021-01-01-16,19.94,21.04,29.08
2021-01-01-17,20.44,20.97,33.81
2021-01-01-18,1.80,0.00,33.91
2021-01-01-19,0.00,0.00,0.00
2021-01-01-20,0.00,0.00,0.00
2021-01-01-21,0.00,0.00,0.00
2021-01-01-22,0.00,0.00,0.00
2021-01-01-23,0.00,0.00,0.00
2021-01-02-0,0.00,0.00,0.00
2021-01-02-1,17.17,0.00,123.78
2021-01-02-2,8.50,5.37,76.64
2021-01-02-3,3.65,3.98,9.15
2021-01-02-4,5.22,5.17,21.04
2021-01-02-5,7.59,7.01,25.78
2021-01-02-6,10.21,8.84,27.69
2021-01-02-7,11.82,10.11,29.66
2021-01-02-8,18.11,15.24,248.27
2021-01-02-9,17.68,15.51,248.84
2021-01-02-10,13.82,12.10,30.83
2021-01-02-11,12.01,11.96,28.92
2021-01-02-12,10.69,11.18,27.31
2021-01-02-13,9.91,10.10,27.79
2021-01-02-14,9.44,9.54,25.51
2021-01-02-15,9.00,9.05,19.51
2021-01-02-16,8.91,8.69,22.07
2021-01-02-17,20.10,14.57,137.79
2021-01-02-18,9.59,0.00,143.61
2021-01-02-19,0.00,0.00,0.00
2021-01-02-20,0.00,0.00,0.00
2021-01-02-21,0.00,0.00,0.00
2021-01-02-22,0.00,0.00,0.00
2021-01-02-23,0.00,0.00,0.00
2021-01-03-0,0.00,0.00,0.00
2021-01-03-1,16.03,0.00,127.30
2021-01-03-2,9.14,5.56,120.80
2021-01-03-3,2.85,3.09,6.29
2021-01-03-4,2.76,3.09,16.90
2021-01-03-5,3.99,4.17,9.49
2021-01-03-6,6.59,6.19,25.96
2021-01-03-7,10.08,8.50,26.59
2021-01-03-8,11.43,10.39,27.12
2021-01-03-9,15.09,15.58,224.23
2021-01-03-10,15.68,17.74,27.87
2021-01-03-11,15.74,18.33,27.23
2021-01-03-12,16.47,19.33,27.12
2021-01-03-13,17.66,20.65,27.82
2021-01-03-16,17.28,18.63,27.12
2021-01-03-17,22.88,20.63,61.91
2021-01-03-18,6.72,0.00,55.52
2021-01-03-19,0.00,0.00,0.00
2021-01-03-20,0.00,0.00,0.00
2021-01-03-21,0.00,0.00,0.00
2021-01-03-22,0.00,0.00,0.00
2021-01-03-23,0.00,0.00,0.00
2021-01-04-0,0.00,0.00,0.00
2021-01-04-1,17.52,0.00,104.68
2021-01-04-2,9.54,5.45,72.04
2021-01-04-3,2.80,3.09,5.10
2021-01-04-4,2.60,2.91,14.53
2021-01-04-5,2.85,3.09,16.08
2021-01-04-6,3.19,3.38,6.70
2021-01-04-7,4.45,4.58,9.78
2021-01-04-8,9.94,9.96,27.16
2021-01-04-9,16.47,15.39,34.63
2021-01-04-10,15.93,16.15,34.16
2021-01-04-11,15.90,16.49,28.29
2021-01-04-12,14.05,13.63,28.75
2021-01-04-13,7.10,7.00,25.37
2021-01-04-14,10.29,9.30,26.84
2021-01-04-15,6.73,6.03,20.88
2021-01-04-16,5.45,5.39,20.92
2021-01-04-17,17.12,9.82,224.48
2021-01-04-18,14.49,0.00,223.89
2021-01-04-19,0.00,0.00,0.00
2021-01-04-20,0.00,0.00,0.00
2021-01-04-21,0.00,0.00,0.00
2021-01-04-22,0.00,0.00,0.00
2021-01-04-23,0.00,0.00,0.00
2021-01-05-0,0.00,0.00,0.00
2021-01-05-1,16.45,0.00,127.30
2021-01-05-2,10.08,5.75,122.59
2021-01-05-3,2.42,2.50,13.63
2021-01-05-4,2.60,2.79,18.07
2021-01-05-5,3.09,3.28,19.66
2021-01-05-6,3.81,4.10,8.50
2021-01-05-7,3.29,3.51,10.05
2021-01-05-8,2.37,2.68,4.99
2021-01-05-9,3.46,3.51,10.09
2021-01-05-10,6.73,5.88,248.16
2021-01-05-11,9.68,8.20,27.00
2021-01-05-12,11.42,10.58,27.48
2021-01-05-13,89.59,88.14,227.27
2021-01-05-14,45.37,44.05,101.14
2021-01-05-15,34.34,36.05,67.72
2021-01-05-16,23.94,24.12,62.53
2021-01-05-17,25.85,20.95,222.71
2021-01-05-18,10.51,0.00,159.30
2021-01-05-19,0.00,0.00,0.00
2021-01-05-20,0.00,0.00,0.00
2021-01-05-21,0.00,0.00,0.00
2021-01-05-22,0.00,0.00,0.00
2021-01-05-23,0.00,0.00,0.00
2021-01-06-0,0.00,0.00,0.00
2021-01-06-1,13.98,0.00,126.41
2021-01-06-2,12.96,7.91,124.07
2021-01-06-3,6.99,4.80,47.23
2021-01-06-4,17.71,17.26,60.23
2021-01-06-5,4.51,4.68,23.04
2021-01-06-6,21.46,18.73,62.69
2021-01-06-7,30.51,31.20,72.67
2021-01-06-8,45.53,46.04,117.19
2021-01-06-9,86.52,76.64,233.47
2021-01-06-10,108.54,107.84,237.96
2021-01-06-11,72.52,73.28,243.26
2021-01-06-12,27.55,26.21,76.81
2021-01-06-13,50.30,38.31,186.46
2021-01-06-14,81.20,83.25,174.64
2021-01-06-15,48.31,46.86,107.25
2021-01-06-16,18.29,18.08,51.25
2021-01-06-17,26.69,19.80,222.13
2021-01-06-18,15.13,0.00,223.48
2021-01-06-19,0.00,0.00,0.00
2021-01-06-20,0.00,0.00,0.00
2021-01-06-21,0.00,0.00,0.00
2021-01-06-22,0.00,0.00,0.00
2021-01-06-23,0.00,0.00,0.00
2021-01-07-0,0.00,0.00,0.00
2021-01-07-1,14.29,0.00,128.17
2021-01-07-2,13.49,7.73,123.75
2021-01-07-3,3.95,4.38,15.40
2021-01-07-4,4.15,4.38,15.57
2021-01-07-5,4.35,4.68,21.54
2021-01-07-6,3.94,4.27,9.96
2021-01-07-7,4.32,4.67,8.33
2021-01-07-8,6.65,6.74,12.10
2021-01-07-9,6.47,6.74,12.63
2021-01-07-10,8.28,8.35,15.59
2021-01-07-11,17.76,19.41,36.46
2021-01-07-12,9.65,8.93,22.70
2021-01-07-13,5.42,5.86,9.64
2021-01-07-14,4.66,4.86,15.84
2021-01-07-15,4.83,5.05,8.06
2021-01-07-16,5.02,5.46,8.19
2021-01-07-17,19.80,11.05,220.95
2021-01-07-18,12.65,0.00,155.36
2021-01-07-19,0.00,0.00,0.00
2021-01-07-20,0.00,0.00,0.00
2021-01-07-21,0.00,0.00,0.00
2021-01-07-22,0.00,0.00,0.00
2021-01-07-23,0.00,0.00,0.00
2021-01-08-0,0.00,0.00,0.00
2021-01-08-1,11.70,0.00,73.06
2021-01-08-2,13.14,8.13,75.61
2021-01-08-3,3.92,4.38,7.06
2021-01-08-4,3.62,3.98,12.95
2021-01-08-5,3.88,4.28,11.46
2021-01-08-6,3.89,4.28,9.63
2021-01-08-7,3.81,4.28,6.46
2021-01-08-8,3.69,4.09,8.83
2021-01-08-9,3.85,4.27,8.78
2021-01-08-10,3.46,3.68,6.16
2021-01-08-11,3.32,3.61,6.46
2021-01-08-12,3.23,3.57,6.28
2021-01-08-13,2.86,3.20,6.37
2021-01-08-14,2.91,3.38,6.16
2021-01-08-15,3.33,3.68,6.88
2021-01-08-16,3.72,4.09,8.56
2021-01-08-17,16.98,8.79,160.06
2021-01-08-18,16.58,0.00,161.06
2021-01-08-19,0.00,0.00,0.00
2021-01-08-20,0.00,0.00,0.00
2021-01-08-21,0.00,0.00,0.00
2021-01-08-22,0.00,0.00,0.00
2021-01-08-23,0.00,0.00,0.00
2021-01-09-0,0.00,0.00,0.00
2021-01-09-1,10.77,0.00,129.35
2021-01-09-2,15.31,8.46,127.89
2021-01-09-3,4.26,4.67,18.12
2021-01-09-4,4.15,4.57,12.01
2021-01-09-5,4.00,4.27,22.46
2021-01-09-6,4.01,4.27,10.93
2021-01-09-7,3.66,3.97,6.16
2021-01-09-8,4.01,4.26,23.01
2021-01-09-9,5.22,5.44,10.89
2021-01-09-10,5.29,5.73,10.33
2021-01-09-11,3.93,4.14,10.66
2021-01-09-12,3.05,3.26,23.02
2021-01-09-13,2.82,2.90,17.04
2021-01-09-14,3.57,3.84,16.74
2021-01-09-15,4.20,4.57,9.75
2021-01-09-16,4.63,5.15,8.46
2021-01-09-17,13.32,8.16,69.04
2021-01-09-18,15.59,0.00,79.59
2021-01-09-19,0.00,0.00,0.00
2021-01-09-20,0.00,0.00,0.00
2021-01-09-21,0.00,0.00,0.00
2021-01-09-22,0.00,0.00,0.00
2021-01-09-23,0.00,0.00,0.00
2021-01-10-0,0.00,0.00,0.00
2021-01-10-1,13.53,0.00,63.72
2021-01-10-2,15.13,10.57,65.00
2021-01-10-3,5.68,6.05,18.64
2021-01-10-4,5.36,5.76,11.34
2021-01-10-5,5.44,5.94,18.53
2021-01-10-6,5.53,6.28,36.19
2021-01-10-7,4.75,5.16,10.27
2021-01-10-8,5.44,5.75,13.05
2021-01-10-9,5.93,6.45,12.57
2021-01-10-10,5.08,5.57,10.56
2021-01-10-11,10.72,10.94,22.27
2021-01-10-12,14.12,15.46,23.86
2021-01-10-13,11.35,12.19,21.22
2021-01-10-14,8.07,8.94,14.34
2021-01-10-15,6.57,7.16,12.34
2021-01-10-16,5.59,5.68,11.01
2021-01-10-17,21.09,12.67,222.13
2021-01-10-18,10.51,0.00,223.89
2021-01-10-19,0.00,0.00,0.00
2021-01-10-20,0.00,0.00,0.00
2021-01-10-21,0.00,0.00,0.00
2021-01-10-22,0.00,0.00,0.00
2021-01-10-23,0.00,0.00,0.00
2021-01-11-0,0.00,0.00,0.00
2021-01-11-1,10.80,0.00,130.23
2021-01-11-2,19.89,13.25,128.76
2021-01-11-3,6.88,7.34,22.02
2021-01-11-4,5.72,6.16,16.02
2021-01-11-5,5.78,6.16,17.75
2021-01-11-6,6.39,6.94,12.43
2021-01-11-7,6.41,6.94,12.03
2021-01-11-8,6.18,6.75,11.74
2021-01-11-9,7.12,7.63,15.44
2021-01-11-10,10.17,11.31,18.76
2021-01-11-11,14.59,15.49,28.28
2021-01-11-12,22.28,23.98,41.11
2021-01-11-13,34.62,36.57,69.38
2021-01-11-14,45.87,48.69,92.90
2021-01-11-15,84.87,88.06,178.23
2021-01-11-16,54.61,51.94,126.27
2021-01-11-17,29.10,30.75,61.68
2021-01-11-18,7.19,0.00,61.10
2021-01-11-19,0.00,0.00,0.00
2021-01-11-20,0.00,0.00,0.00
2021-01-11-21,0.00,0.00,0.00
2021-01-11-22,0.00,0.00,0.00
2021-01-11-23,0.00,0.00,0.00
2021-01-12-0,0.00,0.00,0.00
2021-01-12-1,7.71,0.00,125.28
2021-01-12-2,29.48,24.45,127.17
2021-01-12-3,20.38,15.42,60.86
2021-01-12-4,5.61,5.46,24.47
2021-01-12-5,8.29,7.35,33.93
2021-01-12-6,19.41,18.76,57.96
2021-01-12-7,9.43,9.42,21.05
2021-01-12-8,8.66,8.34,20.96
2021-01-12-9,19.86,18.34,51.19
2021-01-12-10,70.64,72.24,195.02
2021-01-12-11,37.15,38.56,82.71
2021-01-12-12,29.07,30.27,57.42
2021-01-12-13,19.41,19.75,44.97
2021-01-12-14,9.86,10.11,21.95
2021-01-12-15,7.20,7.35,13.67
2021-01-12-16,5.30,5.16,13.10
2021-01-12-17,23.46,14.32,222.13
2021-01-12-18,8.54,0.00,222.19
2021-01-12-19,0.00,0.00,0.00
2021-01-12-20,0.00,0.00,0.00
2021-01-12-21,0.00,0.00,0.00
2021-01-12-22,0.00,0.00,0.00
2021-01-12-23,0.00,0.00,0.00
2021-01-13-0,0.00,0.00,0.00
2021-01-13-1,4.84,0.00,128.17
2021-01-13-2,20.40,13.01,128.76
2021-01-13-3,4.77,4.98,15.70
2021-01-13-4,4.58,4.85,22.02
2021-01-13-5,4.23,4.57,9.01
2021-01-13-6,4.43,4.86,9.61
2021-01-13-7,4.53,5.04,9.78
2021-01-13-8,7.39,7.76,18.45
2021-01-13-9,40.07,37.87,108.10
2021-01-13-10,38.84,41.13,69.58
2021-01-13-11,44.89,47.53,133.09
2021-01-13-12,83.41,86.70,194.69
2021-01-13-13,39.31,40.15,77.19
2021-01-13-14,16.88,15.99,62.63
2021-01-13-15,8.42,8.05,19.93
2021-01-13-16,8.12,7.73,22.38
2021-01-13-17,27.34,17.77,223.30
2021-01-13-18,7.03,0.00,219.84
2021-01-13-19,0.00,0.00,0.00
2021-01-13-20,0.00,0.00,0.00
2021-01-13-21,0.00,0.00,0.00
2021-01-13-22,0.00,0.00,0.00
2021-01-13-23,0.00,0.00,0.00
2021-01-14-0,0.00,0.00,0.00
2021-01-14-1,3.17,0.00,129.94
2021-01-14-2,21.49,15.37,129.35
2021-01-14-3,6.67,7.17,15.69
2021-01-14-4,5.95,6.35,22.52
2021-01-14-5,5.43,5.75,11.01
2021-01-14-6,5.18,5.28,15.90
2021-01-14-7,4.50,4.58,9.60
2021-01-14-8,4.61,4.68,11.25
2021-01-14-9,4.65,4.75,9.37
2021-01-14-10,4.75,4.85,9.59
2021-01-14-11,4.50,4.55,10.24
2021-01-14-12,3.59,3.50,15.98
2021-01-14-13,3.57,3.67,20.80
2021-01-14-14,4.35,4.38,9.52
2021-01-14-15,5.07,5.27,9.78
2021-01-14-16,5.09,5.27,12.84
2021-01-14-17,24.70,14.73,222.71
2021-01-14-18,5.85,0.00,223.77
2021-01-14-19,0.00,0.00,0.00
2021-01-14-20,0.00,0.00,0.00
2021-01-14-21,0.00,0.00,0.00
2021-01-14-22,0.00,0.00,0.00
2021-01-14-23,0.00,0.00,0.00
2021-01-15-0,0.00,0.00,0.00
2021-01-15-1,3.59,0.00,129.22
2021-01-15-2,22.15,14.11,131.41
2021-01-15-3,4.51,4.69,17.17
2021-01-15-4,4.27,4.46,18.67
2021-01-15-5,4.24,4.39,9.09
2021-01-15-6,4.35,4.59,10.40
2021-01-15-7,4.07,4.29,8.79
2021-01-15-8,4.03,4.28,8.61
2021-01-15-9,4.26,4.58,9.08
2021-01-15-10,4.18,4.46,9.09
2021-01-15-11,4.08,4.39,9.08
2021-01-15-12,3.26,3.68,7.90
2021-01-15-13,2.44,2.50,7.19
2021-01-15-14,2.20,2.38,6.53
2021-01-15-15,2.33,2.50,6.76
2021-01-15-16,3.93,3.78,10.83
2021-01-15-17,18.28,14.35,42.57
2021-01-15-18,0.85,0.00,22.22
2021-01-15-19,0.00,0.00,0.00
2021-01-15-20,0.00,0.00,0.00
2021-01-15-21,0.00,0.00,0.00
2021-01-15-22,0.00,0.00,0.00
2021-01-15-23,0.00,0.00,0.00
2021-01-16-0,0.00,0.00,0.00
2021-01-16-1,0.21,0.00,12.46
2021-01-16-2,18.89,16.08,86.74
2021-01-16-3,4.31,4.51,19.75
2021-01-16-4,3.77,3.98,12.79
2021-01-16-5,3.45,3.69,8.24
2021-01-16-6,3.57,3.98,8.61
2021-01-16-7,3.81,3.98,8.68
2021-01-16-8,3.98,4.09,9.14
2021-01-16-9,3.82,3.91,8.07
2021-01-16-10,3.34,3.38,8.08
2021-01-16-11,3.08,3.08,8.36
2021-01-16-12,3.25,3.21,17.31
2021-01-16-13,4.18,4.28,23.53
2021-01-16-14,3.98,3.98,8.30
2021-01-16-15,3.96,3.98,9.08
2021-01-16-16,4.11,3.98,15.06
2021-01-16-17,19.45,16.23,136.75
2021-01-16-18,0.09,0.00,11.55
2021-01-16-19,0.00,0.00,0.00
2021-01-16-20,0.00,0.00,0.00
2021-01-16-21,0.00,0.00,0.00
2021-01-16-22,0.00,0.00,0.00
2021-01-16-23,0.00,0.00,0.00
2021-01-17-0,0.00,0.00,0.00
2021-01-17-1,0.00,0.00,0.00
2021-01-17-2,23.00,17.15,128.47
2021-01-17-3,4.49,4.58,17.17
2021-01-17-4,4.33,4.28,16.46
2021-01-17-5,4.17,4.28,9.79
2021-01-17-6,3.51,3.68,11.95
2021-01-17-7,3.51,3.68,7.90
2021-01-17-8,3.78,3.98,8.30
2021-01-17-9,3.89,3.98,9.20
2021-01-17-10,4.22,4.28,9.67
2021-01-17-11,4.02,4.09,9.27
2021-01-17-12,3.66,3.79,23.27
2021-01-17-13,4.30,4.39,10.75
2021-01-17-14,3.85,4.21,12.08
2021-01-17-15,4.14,4.39,9.68
2021-01-17-16,3.76,3.98,11.35
2021-01-17-17,17.33,14.96,44.47
2021-01-17-18,0.00,0.00,0.00
2021-01-17-19,0.00,0.00,0.00
2021-01-17-20,0.00,0.00,0.00
2021-01-17-21,0.00,0.00,0.00
2021-01-17-22,0.00,0.00,0.00
2021-01-17-23,0.00,0.00,0.00
2021-01-18-0,0.00,0.00,0.00
2021-01-18-1,0.00,0.00,0.00
2021-01-18-2,22.56,17.15,103.79
2021-01-18-3,3.95,3.98,20.25
2021-01-18-4,3.52,3.57,21.66
2021-01-18-5,4.07,4.09,8.60
2021-01-18-6,3.83,3.98,13.06
2021-01-18-7,4.10,4.28,8.78
2021-01-18-8,4.91,5.39,10.27
2021-01-18-9,4.58,4.75,9.56
2021-01-18-10,4.20,4.38,8.00
2021-01-18-11,4.07,4.27,8.80
2021-01-18-12,4.42,4.57,9.48
2021-01-18-13,5.45,6.05,20.80
2021-01-18-14,5.36,5.88,10.85
2021-01-18-15,4.73,4.99,9.50
2021-01-18-16,4.64,4.98,9.73
2021-01-18-17,25.00,11.93,137.58
2021-01-18-18,7.18,0.00,224.48
2021-01-18-19,0.00,0.00,0.00
2021-01-18-20,0.00,0.00,0.00
2021-01-18-21,0.00,0.00,0.00
2021-01-18-22,0.00,0.00,0.00
2021-01-18-23,0.00,0.00,0.00
2021-01-19-0,0.00,0.00,0.00
2021-01-19-1,0.00,0.00,0.00
2021-01-19-2,22.42,18.42,87.66
2021-01-19-3,5.52,5.58,16.82
2021-01-19-4,5.33,5.39,20.24
2021-01-19-5,6.06,6.58,11.28
2021-01-19-6,4.71,4.92,10.79
2021-01-19-7,4.72,4.88,9.87
2021-01-19-8,4.92,5.16,9.91
2021-01-19-9,5.07,5.45,10.26
2021-01-19-10,10.98,11.32,24.59
2021-01-19-11,19.53,19.30,47.20
2021-01-19-12,42.93,40.57,105.28
2021-01-19-13,15.34,16.48,29.04
2021-01-19-14,7.97,8.03,18.48
2021-01-19-15,3.97,4.27,9.54
2021-01-19-16,3.19,3.42,8.35
2021-01-19-17,16.62,12.93,45.04
2021-01-19-18,0.00,0.00,0.00
2021-01-19-19,0.00,0.00,0.00
2021-01-19-20,0.00,0.00,0.00
2021-01-19-21,0.00,0.00,0.00
2021-01-19-22,0.00,0.00,0.00
2021-01-19-23,0.00,0.00,0.00
2021-01-20-0,0.00,0.00,0.00
2021-01-20-1,0.00,0.00,0.00
2021-01-20-2,14.00,13.41,38.12
2021-01-20-3,8.07,8.31,15.91
2021-01-20-4,8.47,9.28,14.72
2021-01-20-5,7.14,7.48,12.89
2021-01-20-6,8.04,8.97,13.89
2021-01-20-7,15.84,12.66,45.99
2021-01-20-8,37.70,38.53,98.38
2021-01-20-9,49.74,51.84,116.44
2021-01-20-10,45.28,45.59,226.85
2021-01-20-11,95.57,101.75,207.32
2021-01-20-12,56.57,56.78,122.17
2021-01-20-13,25.64,24.57,66.29
2021-01-20-14,31.02,27.44,87.18
2021-01-20-15,25.93,25.07,63.68
2021-01-20-16,11.44,11.51,27.03
2021-01-20-17,22.60,18.59,148.14
2021-01-20-18,0.00,0.00,0.00
2021-01-20-19,0.00,0.00,0.00
2021-01-20-20,0.00,0.00,0.00
2021-01-20-21,0.00,0.00,0.00
2021-01-20-22,0.00,0.00,0.00
2021-01-20-23,0.00,0.00,0.00
2021-01-21-0,0.00,0.00,0.00
2021-01-21-1,0.00,0.00,0.00
2021-01-21-2,12.49,12.57,33.21
2021-01-21-3,12.95,13.64,26.10
2021-01-21-4,6.64,5.89,22.07
2021-01-21-5,5.02,5.10,23.27
2021-01-21-6,4.82,4.92,23.27
2021-01-21-7,4.76,4.80,23.38
2021-01-21-8,4.65,4.62,19.91
2021-01-21-9,4.76,4.51,13.29
2021-01-21-10,4.36,4.09,17.96
2021-01-21-11,3.69,3.57,20.60
2021-01-21-12,3.01,3.08,24.10
2021-01-21-13,2.55,2.50,20.63
2021-01-21-14,2.48,2.50,7.13
2021-01-21-15,2.69,2.79,7.13
2021-01-21-16,3.21,3.07,10.86
2021-01-21-17,22.78,18.59,125.29
2021-01-21-18,0.00,0.00,0.00
2021-01-21-19,0.00,0.00,0.00
2021-01-21-20,0.00,0.00,0.00
2021-01-21-21,0.00,0.00,0.00
2021-01-21-22,0.00,0.00,0.00
2021-01-21-23,0.00,0.00,0.00
2021-01-22-0,0.00,0.00,0.00
2021-01-22-1,0.00,0.00,0.00
2021-01-22-2,17.24,16.60,124.24
2021-01-22-3,7.77,7.60,28.35
2021-01-22-4,6.50,6.70,25.47
2021-01-22-5,6.59,6.82,15.75
2021-01-22-6,6.54,6.70,23.49
2021-01-22-7,8.91,8.13,24.65
2021-01-22-8,8.45,8.20,22.56
2021-01-22-9,9.56,9.68,19.48
2021-01-22-10,10.60,12.05,22.27
2021-01-22-11,7.30,8.07,15.74
2021-01-22-12,4.51,4.69,18.92
2021-01-22-13,3.90,4.16,8.91
2021-01-22-14,3.77,3.98,8.78
2021-01-22-15,4.25,4.28,10.09
2021-01-22-16,4.62,5.10,9.95
2021-01-22-17,17.90,14.44,50.00
2021-01-22-18,0.00,0.00,0.00
2021-01-22-19,0.00,0.00,0.00
2021-01-22-20,0.00,0.00,0.00
2021-01-22-21,0.00,0.00,0.00
2021-01-22-22,0.00,0.00,0.00
2021-01-22-23,0.00,0.00,0.00
2021-01-23-0,0.00,0.00,0.00
2021-01-23-1,0.00,0.00,0.00
2021-01-23-2,15.59,19.26,122.28
2021-01-23-3,13.03,12.70,29.41
2021-01-23-4,9.35,9.42,24.97
2021-01-23-5,15.01,15.44,27.23
2021-01-23-6,11.97,10.50,27.71
2021-01-23-7,8.51,8.82,26.87
2021-01-23-8,11.33,9.59,31.99
2021-01-23-9,20.01,20.91,32.98
2021-01-23-10,28.33,29.97,49.59
2021-01-23-11,17.24,17.51,33.46
2021-01-23-12,13.44,11.64,248.96
2021-01-23-13,8.38,6.76,245.77
2021-01-23-14,5.23,4.98,20.30
2021-01-23-15,4.10,4.09,9.12
2021-01-23-16,5.04,4.68,28.59
2021-01-23-17,18.55,16.11,145.14
2021-01-23-18,0.00,0.00,0.00
2021-01-23-19,0.00,0.00,0.00
2021-01-23-20,0.00,0.00,0.00
2021-01-23-21,0.00,0.00,0.00
2021-01-23-22,0.00,0.00,0.00
2021-01-23-23,0.00,0.00,0.00
2021-01-24-0,0.00,0.00,0.00
2021-01-24-1,0.00,0.00,0.00
2021-01-24-2,12.53,0.00,88.03
2021-01-24-3,15.68,14.39,32.24
2021-01-24-4,15.48,14.56,29.22
2021-01-24-5,14.68,15.03,28.29
2021-01-24-6,12.61,13.08,26.63
2021-01-24-7,14.27,14.58,30.24
2021-01-24-8,13.24,13.56,23.43
2021-01-24-9,11.01,11.19,27.12
2021-01-24-10,11.06,11.00,33.15
2021-01-24-11,11.29,10.72,34.09
2021-01-24-12,14.07,12.62,68.21
2021-01-24-13,28.92,26.23,248.39
2021-01-24-14,19.56,16.56,69.26
2021-01-24-15,18.75,16.96,67.21
2021-01-24-16,8.88,8.42,31.85
2021-01-24-17,20.25,18.20,145.14
2021-01-24-18,0.00,0.00,0.00
2021-01-24-19,0.00,0.00,0.00
2021-01-24-20,0.00,0.00,0.00
2021-01-24-21,0.00,0.00,0.00
2021-01-24-22,0.00,0.00,0.00
2021-01-24-23,0.00,0.00,0.00
2021-01-25-0,0.00,0.00,0.00
2021-01-25-1,0.00,0.00,0.00
2021-01-25-2,4.13,0.00,220.61
2021-01-25-7,148.11,155.07,249.07
2021-01-25-8,129.55,132.71,249.07
2021-01-25-9,132.98,135.15,248.84
2021-01-25-10,73.86,56.46,232.08
2021-01-25-11,48.68,40.82,233.81
2021-01-25-12,61.33,64.41,119.56
2021-01-25-13,59.47,58.52,219.00
2021-01-25-14,105.46,97.55,249.07
2021-01-25-15,71.49,66.04,182.26
2021-01-25-16,42.67,40.49,113.04
2021-01-25-17,32.30,34.50,171.56
2021-01-25-18,0.00,0.00,0.00
2021-01-25-19,0.00,0.00,0.00
2021-01-25-20,0.00,0.00,0.00
2021-01-25-21,0.00,0.00,0.00
2021-01-25-22,0.00,0.00,0.00
2021-01-25-23,0.00,0.00,0.00
2021-01-26-0,0.00,0.00,0.00
2021-01-26-1,0.00,0.00,0.00
2021-01-26-2,9.10,0.00,40.96
2021-01-26-3,27.58,25.79,249.07
2021-01-26-5,26.61,28.14,45.07
2021-01-26-6,22.77,22.68,39.85
2021-01-26-7,21.32,22.33,33.64
2021-01-26-8,22.39,23.53,37.81
2021-01-26-9,27.14,28.27,44.91
2021-01-26-10,28.51,29.03,45.70
2021-01-26-11,49.67,46.61,200.64
2021-01-26-12,41.88,40.89,82.82
2021-01-26-13,34.70,34.74,203.55
2021-01-26-14,36.36,34.51,239.35
2021-01-26-15,32.89,27.61,248.27
2021-01-26-16,24.14,22.46,79.96
2021-01-26-17,24.27,25.81,139.08
2021-01-26-18,0.00,0.00,0.00
2021-01-26-19,0.00,0.00,0.00
2021-01-26-20,0.00,0.00,0.00
2021-01-26-21,0.00,0.00,0.00
2021-01-26-22,0.00,0.00,0.00
2021-01-26-23,0.00,0.00,0.00
2021-01-27-0,0.00,0.00,0.00
2021-01-27-1,0.00,0.00,0.00
2021-01-27-2,9.89,0.00,89.29
2021-01-27-3,19.26,18.34,244.40
2021-01-27-4,25.69,23.76,248.96
2021-01-27-5,31.45,26.65,248.96
2021-01-27-6,21.51,21.93,34.32
2021-01-27-7,21.39,21.90,35.25
2021-01-27-8,25.85,27.22,38.92
2021-01-27-10,81.45,70.26,213.78
2021-01-27-11,98.99,98.45,212.84
2021-01-27-12,60.33,64.88,117.47
2021-01-27-13,75.48,79.80,146.36
2021-01-27-14,54.51,53.30,213.20
2021-01-27-15,48.40,46.49,247.25
2021-01-27-16,52.27,43.12,248.73
2021-01-27-17,27.05,26.80,149.30
2021-01-27-18,0.00,0.00,0.00
2021-01-27-19,0.00,0.00,0.00
2021-01-27-20,0.00,0.00,0.00
2021-01-27-21,0.00,0.00,0.00
2021-01-27-22,0.00,0.00,0.00
2021-01-27-23,0.00,0.00,0.00
2021-01-28-0,0.00,0.00,0.00
2021-01-28-1,0.00,0.00,0.00
2021-01-28-2,8.56,0.00,73.08
2021-01-28-3,22.51,22.14,75.07
2021-01-28-4,21.92,21.33,249.07
2021-01-28-5,31.73,26.77,248.96
2021-01-28-9,24.45,24.90,35.46
2021-01-28-10,26.61,28.60,36.16
2021-01-28-11,26.77,27.97,35.71
2021-01-28-12,26.14,27.20,35.58
2021-01-28-13,24.61,24.47,34.46
2021-01-28-14,23.85,23.83,38.72
2021-01-28-17,11.33,0.00,224.36
2021-01-28-18,0.00,0.00,0.00
2021-01-28-19,0.00,0.00,0.00
2021-01-28-20,0.00,0.00,0.00
2021-01-28-21,0.00,0.00,0.00
2021-01-28-22,0.00,0.00,0.00
2021-01-28-23,0.00,0.00,0.00
2021-01-29-0,0.00,0.00,0.00
2021-01-29-1,0.00,0.00,0.00
2021-01-29-2,38.36,0.00,224.48
2021-01-29-3,18.46,22.25,42.23
2021-01-29-14,23.31,24.29,32.81
2021-01-29-15,20.97,20.49,32.56
2021-01-29-16,20.57,20.21,34.21
2021-01-29-17,5.20,0.00,34.17
2021-01-29-18,0.00,0.00,0.00
2021-01-29-19,0.00,0.00,0.00
2021-01-29-20,0.00,0.00,0.00
2021-01-29-21,0.00,0.00,0.00
2021-01-29-22,0.00,0.00,0.00
2021-01-29-23,0.00,0.00,0.00
2021-01-30-0,0.06,0.00,209.60
2021-01-30-1,0.03,0.00,24.37
2021-01-30-2,5.27,0.00,202.76
2021-01-30-3,15.65,13.89,116.70
2021-01-30-4,13.56,13.19,209.93
2021-01-30-5,19.54,18.79,237.02
2021-01-30-6,35.68,29.67,225.16
2021-01-30-7,22.77,23.04,224.48
2021-01-30-8,24.60,24.72,248.84
2021-01-30-9,25.74,25.78,242.80
2021-01-30-10,47.32,42.07,214.82
2021-01-30-11,41.96,37.11,140.29
2021-01-30-12,57.76,45.34,220.82
2021-01-30-13,54.89,47.56,174.20
2021-01-30-14,43.36,43.65,111.98
2021-01-30-15,29.09,28.59,69.16
2021-01-30-16,23.22,21.05,134.93
2021-01-30-17,16.24,0.00,139.50
2021-01-30-18,0.00,0.00,0.00
2021-01-30-19,0.00,0.00,0.00
2021-01-30-20,0.00,0.00,0.00
2021-01-30-21,0.00,0.00,0.00
2021-01-30-22,0.00,0.00,0.00
2021-01-30-23,0.00,0.00,0.00
2021-02-03-0,0.00,0.00,0.00
2021-02-03-1,0.00,0.00,0.00
2021-02-03-2,3.94,0.00,126.30
2021-02-03-3,16.56,11.72,126.30
2021-02-03-4,5.12,4.99,12.47
2021-02-03-5,4.40,4.39,14.74
2021-02-03-6,5.37,5.28,15.39
2021-02-03-7,12.62,12.11,41.68
2021-02-03-8,16.02,13.13,46.51
2021-02-03-9,8.24,8.35,16.08
2021-02-03-10,7.59,7.05,25.38
2021-02-03-11,7.33,6.57,27.08
2021-02-03-12,6.66,6.21,22.13
2021-02-03-13,5.88,5.58,17.37
2021-02-03-14,5.41,5.20,22.73
2021-02-03-15,6.52,6.10,31.11
2021-02-03-16,42.22,43.56,165.41
2021-02-03-17,21.01,0.00,160.21
2021-02-03-18,0.00,0.00,0.00
2021-02-03-19,0.00,0.00,0.00
2021-02-03-20,0.00,0.00,0.00
2021-02-03-21,0.00,0.00,0.00
2021-02-03-22,0.00,0.00,0.00
2021-02-03-23,0.00,0.00,0.00
2021-02-04-0,0.00,0.00,0.00
2021-02-04-1,0.00,0.00,0.00
2021-02-04-2,2.78,0.00,40.74
2021-02-04-3,16.77,13.71,41.03
2021-02-04-4,8.97,8.46,22.33
2021-02-04-5,7.43,6.74,21.43
2021-02-04-6,4.27,4.57,9.48
2021-02-04-7,9.45,8.15,31.51
2021-02-04-8,11.72,12.47,26.51
2021-02-04-9,12.91,13.90,25.21
2021-02-04-10,11.58,11.91,23.48
2021-02-04-11,13.44,13.14,38.40
2021-02-04-12,28.28,30.11,54.52
2021-02-04-13,17.78,18.18,39.81
2021-02-04-14,12.06,12.70,29.80
2021-02-04-15,10.77,10.95,24.43
2021-02-04-16,13.19,13.37,44.84
2021-02-04-17,6.48,0.00,45.00
2021-02-04-18,0.00,0.00,0.00
2021-02-04-19,0.00,0.00,0.00
2021-02-04-20,0.00,0.00,0.00
2021-02-04-21,0.00,0.00,0.00
2021-02-04-22,0.00,0.00,0.00
2021-02-04-23,0.00,0.00,0.00
2021-02-05-0,0.00,0.00,0.00
2021-02-05-1,0.00,0.00,0.00
2021-02-05-2,3.23,0.00,130.41
2021-02-05-3,19.89,12.48,130.82
2021-02-05-4,4.83,4.79,15.03
2021-02-05-5,4.44,4.51,13.95
2021-02-05-6,4.28,4.27,10.97
2021-02-05-7,4.59,4.57,11.36
2021-02-05-8,5.63,5.55,11.45
2021-02-05-9,9.64,9.65,22.99
2021-02-05-10,9.69,9.74,18.73
2021-02-05-11,8.06,8.04,24.12
2021-02-05-12,13.86,12.33,46.82
2021-02-05-13,38.71,38.97,100.02
2021-02-05-14,15.07,15.15,39.91
2021-02-05-15,9.26,9.15,21.86
2021-02-05-16,15.58,9.68,140.97
2021-02-05-17,8.10,0.00,142.56
2021-02-05-18,0.00,0.00,0.00
2021-02-05-19,0.00,0.00,0.00
2021-02-05-20,0.00,0.00,0.00
2021-02-05-21,0.00,0.00,0.00
2021-02-05-22,0.00,0.00,0.00
2021-02-05-23,0.00,0.00,0.00
2021-02-06-0,0.00,0.00,0.00
2021-02-06-1,0.00,0.00,0.00
2021-02-06-2,0.65,0.00,18.38
2021-02-06-3,15.47,12.11,36.34
2021-02-06-4,4.69,4.98,10.08
2021-02-06-5,4.20,4.57,9.20
2021-02-06-6,4.38,4.57,9.26
2021-02-06-7,4.55,4.86,27.02
2021-02-06-8,4.63,4.98,9.56
2021-02-06-9,4.60,5.15,9.59
2021-02-06-10,5.36,5.90,11.42
2021-02-06-11,7.72,8.14,15.96
2021-02-06-12,11.02,11.64,21.62
2021-02-06-13,17.05,17.33,36.67
2021-02-06-14,42.38,42.39,85.61
2021-02-06-15,34.32,31.53,86.01
2021-02-06-16,33.83,32.04,81.69
2021-02-06-17,8.80,0.00,79.39
2021-02-06-18,0.00,0.00,0.00
2021-02-06-19,0.00,0.00,0.00
2021-02-06-20,0.00,0.00,0.00
2021-02-06-21,0.00,0.00,0.00
2021-02-06-22,0.00,0.00,0.00
2021-02-06-23,0.00,0.00,0.00
2021-02-07-0,0.00,0.00,0.00
2021-02-07-1,0.00,0.00,0.00
2021-02-07-2,0.00,0.00,0.00
2021-02-07-3,17.00,18.49,38.19
2021-02-07-4,24.23,22.88,66.09
2021-02-07-5,52.10,41.00,225.49
2021-02-07-6,23.37,25.70,78.65
2021-02-07-7,56.20,59.80,153.97
2021-02-07-8,88.99,84.27,217.33
2021-02-07-9,60.88,60.30,183.78
2021-02-07-10,32.90,34.77,89.25
2021-02-07-11,75.54,76.57,237.90
2021-02-07-12,26.63,27.14,75.65
2021-02-07-13,16.96,18.06,32.50
2021-02-07-14,13.82,13.15,28.29
2021-02-07-15,12.72,11.45,31.13
2021-02-07-16,15.94,17.53,28.87
2021-02-07-17,1.20,0.00,28.81
2021-02-07-18,0.00,0.00,0.00
2021-02-07-19,0.00,0.00,0.00
2021-02-07-20,0.00,0.00,0.00
2021-02-07-21,0.00,0.00,0.00
2021-02-07-22,0.00,0.00,0.00
2021-02-07-23,0.00,0.00,0.00
2021-02-08-0,0.00,0.00,0.00
2021-02-08-1,0.00,0.00,0.00
2021-02-08-2,0.00,0.00,0.00
2021-02-08-3,15.40,15.00,68.78
2021-02-08-4,8.12,7.95,24.90
2021-02-08-5,7.15,7.12,24.54
2021-02-08-6,7.20,7.05,24.72
2021-02-08-7,7.73,7.75,25.72
2021-02-08-8,12.49,11.71,34.67
2021-02-08-9,31.59,32.39,102.77
2021-02-08-10,38.48,36.90,106.68
2021-02-08-11,24.40,25.10,49.85
2021-02-08-12,14.81,14.88,37.09
2021-02-08-13,8.18,8.34,15.78
2021-02-08-14,7.23,7.34,12.66
2021-02-08-15,6.83,6.74,16.40
2021-02-08-16,20.87,14.20,143.56
2021-02-08-17,2.96,0.00,142.32
2021-02-08-18,0.00,0.00,0.00
2021-02-08-19,0.00,0.00,0.00
2021-02-08-20,0.00,0.00,0.00
2021-02-08-21,0.00,0.00,0.00
2021-02-08-22,0.00,0.00,0.00
2021-02-08-23,0.00,0.00,0.00
2021-02-09-0,0.00,0.00,0.00
2021-02-09-1,0.00,0.00,0.00
2021-02-09-2,0.00,0.00,0.00
2021-02-09-3,19.25,16.02,128.47
2021-02-09-4,7.67,7.81,20.87
2021-02-09-5,7.00,7.23,11.86
2021-02-09-6,6.27,6.34,13.67
2021-02-09-7,9.54,7.81,35.18
2021-02-09-8,26.83,26.42,107.21
2021-02-09-9,42.36,37.78,188.68
2021-02-09-10,64.06,55.88,194.57
2021-02-09-11,18.82,17.84,45.61
2021-02-09-12,6.89,6.94,24.16
2021-02-09-13,5.58,5.58,11.96
2021-02-09-14,4.73,4.69,9.96
2021-02-09-15,4.60,4.47,21.00
2021-02-09-16,20.43,13.57,143.21
2021-02-09-17,1.63,0.00,99.44
2021-02-09-18,0.00,0.00,0.00
2021-02-09-19,0.00,0.00,0.00
2021-02-09-20,0.00,0.00,0.00
2021-02-09-21,0.00,0.00,0.00
2021-02-09-22,0.00,0.00,0.00
2021-02-09-23,0.00,0.00,0.00
2021-02-10-0,0.00,0.00,0.00
2021-02-10-1,0.00,0.00,0.00
2021-02-10-2,0.00,0.00,0.00
2021-02-10-3,15.66,12.26,125.13
2021-02-10-4,4.23,4.21,24.29
2021-02-10-5,3.37,3.68,6.59
2021-02-10-6,3.32,3.61,8.48
2021-02-10-7,3.67,3.86,7.17
2021-02-10-8,4.17,4.28,7.96
2021-02-10-9,3.87,3.98,7.47
2021-02-10-10,3.73,3.97,11.36
2021-02-10-11,8.74,6.75,27.28
2021-02-10-12,15.99,17.06,30.98
2021-02-10-13,8.63,9.20,17.41
2021-02-10-14,5.74,6.27,10.74
2021-02-10-15,4.47,4.90,8.34
2021-02-10-16,14.07,9.67,40.99
2021-02-10-17,0.28,0.00,12.51
2021-02-10-18,0.00,0.00,0.00
2021-02-10-19,0.00,0.00,0.00
2021-02-10-20,0.00,0.00,0.00
2021-02-10-21,0.00,0.00,0.00
2021-02-10-22,0.00,0.00,0.00
2021-02-10-23,0.00,0.00,0.00
2021-02-11-0,0.00,0.00,0.00
2021-02-11-1,0.00,0.00,0.00
2021-02-11-2,0.00,0.00,0.00
2021-02-11-3,11.81,10.15,29.17
2021-02-11-4,3.75,3.98,9.27
2021-02-11-5,3.30,3.68,6.56
2021-02-11-6,3.57,3.98,10.25
2021-02-11-7,4.63,4.86,8.66
2021-02-11-8,14.78,11.71,61.35
2021-02-11-9,25.83,23.42,100.19
2021-02-11-10,23.62,25.46,42.21
2021-02-11-11,22.42,23.59,46.05
2021-02-11-12,10.60,9.53,27.36
2021-02-11-13,4.94,5.46,9.72
2021-02-11-14,3.86,4.28,7.36
2021-02-11-15,3.79,4.21,7.29
2021-02-11-16,14.47,10.31,41.62
2021-02-11-17,0.07,0.00,4.17
2021-02-11-18,0.00,0.00,0.00
2021-02-11-19,0.00,0.00,0.00
2021-02-11-20,0.00,0.00,0.00
2021-02-11-21,0.00,0.00,0.00
2021-02-11-22,0.00,0.00,0.00
2021-02-11-23,0.00,0.00,0.00
2021-02-12-0,0.00,0.00,0.00
2021-02-12-1,0.00,0.00,0.00
2021-02-12-2,0.00,0.00,0.00
2021-02-12-3,16.39,10.34,126.41
2021-02-12-4,3.42,3.39,22.23
2021-02-12-5,2.74,3.09,4.99
2021-02-12-6,3.05,3.28,6.38
2021-02-12-7,3.26,3.39,8.35
2021-02-12-8,4.03,4.38,7.06
2021-02-12-9,4.26,4.86,7.23
2021-02-12-10,4.48,4.88,10.06
2021-02-12-11,5.51,5.58,21.27
2021-02-12-12,17.28,16.97,39.10
2021-02-12-13,11.23,10.70,24.18
2021-02-12-14,4.70,4.86,9.35
2021-02-12-15,3.67,3.68,20.00
2021-02-12-16,15.49,11.89,128.16
2021-02-12-17,0.00,0.00,0.00
2021-02-12-18,0.00,0.00,0.00
2021-02-12-19,0.00,0.00,0.00
2021-02-12-20,0.00,0.00,0.00
2021-02-12-21,0.00,0.00,0.00
2021-02-12-22,0.00,0.00,0.00
2021-02-12-23,0.00,0.00,0.00
2021-02-13-0,0.00,0.00,0.00
2021-02-13-1,0.00,0.00,0.00
2021-02-13-2,0.00,0.00,0.00
2021-02-13-3,15.54,13.55,130.23
2021-02-13-4,7.89,7.36,30.11
2021-02-13-5,19.74,20.42,42.82
2021-02-13-6,24.22,25.31,65.37
2021-02-13-7,31.43,31.02,67.49
2021-02-13-8,55.06,48.14,233.43
2021-02-13-9,110.91,105.37,246.98
2021-02-13-10,135.35,134.79,248.96
2021-02-13-11,93.96,93.39,193.08
2021-02-13-12,55.75,57.66,148.09
2021-02-13-13,73.70,75.40,198.18
2021-02-13-14,58.96,62.63,111.21
2021-02-13-15,36.84,36.55,91.98
2021-02-13-16,26.33,27.68,125.21
2021-02-13-17,0.00,0.00,0.00
2021-02-13-18,0.00,0.00,0.00
2021-02-13-19,0.00,0.00,0.00
2021-02-13-20,0.00,0.00,0.00
2021-02-13-21,0.00,0.00,0.00
2021-02-13-22,0.00,0.00,0.00
2021-02-13-23,0.00,0.00,0.00
2021-02-14-0,0.00,0.00,0.00
2021-02-14-1,0.00,0.00,0.00
2021-02-14-2,0.00,0.00,0.00
2021-02-14-3,9.95,8.89,80.93
2021-02-14-4,5.02,4.38,28.93
2021-02-14-5,3.90,3.98,8.56
2021-02-14-6,4.03,4.27,9.73
2021-02-14-7,5.00,5.16,10.43
2021-02-14-8,3.87,4.09,8.66
2021-02-14-9,3.05,3.27,6.46
2021-02-14-10,2.72,2.97,23.76
2021-02-14-11,3.01,3.08,21.10
2021-02-14-12,5.03,4.68,20.52
2021-02-14-13,6.69,6.86,22.96
2021-02-14-14,11.96,11.72,28.85
2021-02-14-15,8.42,8.21,27.20
2021-02-14-16,13.64,12.56,86.20
2021-02-14-17,0.00,0.00,0.00
2021-02-14-18,0.00,0.00,0.00
2021-02-14-19,0.00,0.00,0.00
2021-02-14-20,0.00,0.00,0.00
2021-02-14-21,0.00,0.00,0.00
2021-02-14-22,0.00,0.00,0.00
2021-02-14-23,0.00,0.00,0.00
2021-02-15-0,0.00,0.00,0.00
2021-02-15-1,0.00,0.00,0.00
2021-02-15-2,0.00,0.00,0.00
2021-02-15-3,13.84,10.39,127.59
2021-02-15-4,4.54,3.81,46.75
2021-02-15-5,2.89,3.09,6.67
2021-02-15-6,3.00,3.09,8.01
2021-02-15-7,3.43,3.68,7.25
2021-02-15-8,3.46,3.61,6.96
2021-02-15-9,2.83,2.97,6.88
2021-02-15-10,2.67,2.78,22.99
2021-02-15-11,2.76,2.90,21.73
2021-02-15-12,2.58,2.67,6.46
2021-02-15-13,2.51,2.50,5.28
2021-02-15-14,2.68,2.68,7.78
2021-02-15-15,3.62,3.31,26.75
2021-02-15-16,14.05,11.59,118.27
2021-02-15-17,0.00,0.00,0.00
2021-02-15-18,0.00,0.00,0.00
2021-02-15-19,0.00,0.00,0.00
2021-02-15-20,0.00,0.00,0.00
2021-02-15-21,0.00,0.00,0.00
2021-02-15-22,0.00,0.00,0.00
2021-02-15-23,0.00,0.00,0.00
2021-02-16-0,0.00,0.00,0.00
2021-02-16-1,0.00,0.00,0.00
2021-02-16-2,0.00,0.00,0.00
2021-02-16-3,11.01,6.65,36.13
2021-02-16-4,10.11,9.31,33.93
2021-02-16-5,28.64,30.92,48.38
2021-02-16-6,69.04,65.65,205.06
2021-02-16-7,71.59,64.55,200.00
2021-02-16-8,79.26,41.55,226.30
2021-02-16-9,120.33,119.23,228.19
2021-02-16-10,67.30,63.52,152.94
2021-02-16-11,40.67,42.95,81.43
2021-02-16-12,33.58,36.20,59.62
2021-02-16-13,24.16,24.89,54.65
2021-02-16-14,29.58,29.08,76.23
2021-02-16-15,31.68,29.35,82.98
2021-02-16-16,21.56,24.96,53.02
2021-02-16-17,0.00,0.00,0.00
2021-02-16-18,0.00,0.00,0.00
2021-02-16-19,0.00,0.00,0.00
2021-02-16-20,0.00,0.00,0.00
2021-02-16-21,0.00,0.00,0.00
2021-02-16-22,0.00,0.00,0.00
2021-02-16-23,0.00,0.00,0.00
2021-02-17-0,0.00,0.00,0.00
2021-02-17-1,0.00,0.00,0.00
2021-02-17-2,0.00,0.00,0.00
2021-02-17-3,6.62,3.12,24.69
2021-02-17-4,3.16,2.91,9.38
2021-02-17-5,2.39,2.38,6.57
2021-02-17-6,2.80,2.78,8.15
2021-02-17-7,2.57,2.67,8.23
2021-02-17-8,5.84,5.84,17.52
2021-02-17-9,11.44,9.49,64.73
2021-02-17-10,10.55,10.65,26.20
2021-02-17-11,19.69,18.77,70.67
2021-02-17-12,10.28,10.12,33.34
2021-02-17-13,15.99,16.16,35.71
2021-02-17-14,9.75,10.01,24.13
2021-02-17-15,6.70,6.85,15.67
2021-02-17-16,16.23,14.21,57.08
2021-02-17-17,0.00,0.00,0.00
2021-02-17-18,0.00,0.00,0.00
2021-02-17-19,0.00,0.00,0.00
2021-02-17-20,0.00,0.00,0.00
2021-02-17-21,0.00,0.00,0.00
2021-02-17-22,0.00,0.00,0.00
2021-02-17-23,0.00,0.00,0.00
2021-02-18-0,0.00,0.00,0.00
2021-02-18-1,0.00,0.00,0.00
2021-02-18-2,0.00,0.00,0.00
2021-02-18-3,10.26,0.00,39.41
2021-02-18-4,9.75,9.77,30.61
2021-02-18-5,6.23,6.06,12.87
2021-02-18-6,6.19,6.17,11.45
2021-02-18-7,9.52,9.36,27.96
2021-02-18-8,18.79,18.95,37.94
2021-02-18-9,16.01,15.16,34.42
2021-02-18-10,16.83,15.77,46.50
2021-02-18-11,8.44,8.15,20.23
2021-02-18-12,6.17,6.15,13.32
2021-02-18-13,4.54,4.49,10.13
2021-02-18-14,2.90,2.79,7.29
2021-02-18-15,2.20,2.20,5.78
2021-02-18-16,24.35,8.41,141.10
2021-02-18-17,0.00,0.00,0.00
2021-02-18-18,0.00,0.00,0.00
2021-02-18-19,0.00,0.00,0.00
2021-02-18-20,0.00,0.00,0.00
2021-02-18-21,0.00,0.00,0.00
2021-02-18-22,0.00,0.00,0.00
2021-02-18-23,0.00,0.00,0.00
2021-02-19-0,0.00,0.00,0.00
2021-02-19-1,0.00,0.00,0.00
2021-02-19-2,0.00,0.00,0.00
2021-02-19-3,8.46,0.00,62.06
2021-02-19-4,8.23,8.21,33.05
2021-02-19-5,6.36,6.71,10.98
2021-02-19-6,7.85,8.08,17.35
2021-02-19-7,16.89,17.76,44.86
2021-02-19-8,15.94,15.48,42.58
2021-02-19-9,14.60,15.39,32.07
2021-02-19-10,17.64,18.07,51.74
2021-02-19-11,36.97,38.41,85.07
2021-02-19-12,27.77,28.41,77.79
2021-02-19-13,25.95,25.60,74.86
2021-02-19-14,30.88,29.21,91.32
2021-02-19-15,34.25,33.74,126.16
2021-02-19-16,47.67,42.96,224.48
2021-02-19-17,0.00,0.00,0.00
2021-02-19-18,0.00,0.00,0.00
2021-02-19-19,0.00,0.00,0.00
2021-02-19-20,0.00,0.00,0.00
2021-02-19-21,0.00,0.00,0.00
2021-02-19-22,0.00,0.00,0.00
2021-02-19-23,0.00,0.00,0.00
2021-02-20-0,0.00,0.00,0.00
2021-02-20-1,0.00,0.00,0.00
2021-02-20-2,0.00,0.00,0.00
2021-02-20-3,2.93,0.00,36.86
2021-02-20-4,19.47,18.97,36.28
2021-02-20-5,24.76,20.54,109.36
2021-02-20-6,116.26,107.18,239.45
2021-02-20-7,70.10,66.90,169.89
2021-02-20-8,49.96,51.19,87.68
2021-02-20-9,34.13,33.91,82.64
2021-02-20-10,33.94,32.73,119.53
2021-02-20-11,67.92,63.46,249.07
2021-02-20-12,84.49,82.68,183.78
2021-02-20-13,78.33,65.44,218.29
2021-02-20-14,63.14,47.85,185.90
2021-02-20-15,90.85,84.67,239.45
2021-02-20-16,73.21,12.95,239.45
2021-02-20-17,0.00,0.00,0.00
2021-02-20-18,0.00,0.00,0.00
2021-02-20-19,0.00,0.00,0.00
2021-02-20-20,0.00,0.00,0.00
2021-02-20-21,0.00,0.00,0.00
2021-02-20-22,0.00,0.00,0.00
2021-02-20-23,0.00,0.00,0.00
2021-02-21-0,0.00,0.00,0.00
2021-02-21-1,0.00,0.00,0.00
2021-02-21-2,0.00,0.00,0.00
2021-02-21-3,5.46,0.00,110.93
2021-02-21-4,18.26,16.78,115.27
2021-02-21-5,23.18,22.86,55.33
2021-02-21-6,25.64,24.92,68.23
2021-02-21-7,31.55,29.09,86.67
2021-02-21-8,78.64,40.73,247.02
2021-02-21-9,71.71,55.62,236.46
2021-02-21-10,30.63,30.34,59.79
2021-02-21-11,50.45,47.59,179.56
2021-02-21-12,103.25,104.29,248.39
2021-02-21-13,68.62,70.21,139.64
2021-02-21-14,116.32,114.36,211.94
2021-02-21-15,91.90,93.49,204.02
2021-02-21-16,28.02,0.00,173.10
2021-02-21-17,0.00,0.00,0.00
2021-02-21-18,0.00,0.00,0.00
2021-02-21-19,0.00,0.00,0.00
2021-02-21-20,0.00,0.00,0.00
2021-02-21-21,0.00,0.00,0.00
2021-02-21-22,0.00,0.00,0.00
2021-02-21-23,0.00,0.00,0.00
2021-02-22-0,0.00,0.00,0.00
2021-02-22-1,0.00,0.00,0.00
2021-02-22-2,0.00,0.00,0.00
2021-02-22-3,6.24,0.00,133.34
2021-02-22-4,27.34,22.35,131.16
2021-02-22-5,26.10,26.70,73.14
2021-02-22-6,22.05,22.20,47.82
2021-02-22-7,50.22,48.23,148.02
2021-02-22-8,72.09,72.94,163.26
2021-02-22-9,60.06,55.22,179.30
2021-02-22-10,39.77,39.68,103.39
2021-02-22-11,56.30,56.25,244.28
2021-02-22-12,64.00,61.27,247.13
2021-02-22-13,89.93,89.18,248.16
2021-02-22-14,35.62,37.03,99.58
2021-02-22-15,18.88,16.78,129.28
2021-02-22-16,17.40,0.00,154.89
2021-02-22-17,0.00,0.00,0.00
2021-02-22-18,0.00,0.00,0.00
2021-02-22-19,0.00,0.00,0.00
2021-02-22-20,0.00,0.00,0.00
2021-02-22-21,0.00,0.00,0.00
2021-02-22-22,0.00,0.00,0.00
2021-02-22-23,0.00,0.00,0.00
2021-02-23-0,0.00,0.00,0.00
2021-02-23-1,0.00,0.00,0.00
2021-02-23-2,0.00,0.00,0.00
2021-02-23-3,1.96,0.00,63.29
2021-02-23-4,22.65,22.82,69.35
2021-02-23-8,132.98,140.52,230.05
2021-02-23-9,137.82,138.04,240.25
2021-02-23-10,87.44,92.25,148.93
2021-02-23-11,88.95,91.70,157.20
2021-02-23-12,44.87,37.78,197.78
2021-02-23-13,114.41,102.04,249.07
2021-02-23-14,61.14,59.27,229.39
2021-02-23-15,34.05,31.07,136.69
2021-02-23-16,12.87,0.00,138.45
2021-02-23-17,0.00,0.00,0.00
2021-02-23-18,0.00,0.00,0.00
2021-02-23-19,0.00,0.00,0.00
2021-02-23-20,0.00,0.00,0.00
2021-02-23-21,0.00,0.00,0.00
2021-02-23-22,0.00,0.00,0.00
2021-02-23-23,0.00,0.00,0.00
2021-02-24-0,0.00,0.00,0.00
2021-02-24-1,0.00,0.00,0.00
2021-02-24-2,0.00,0.00,0.00
2021-02-24-3,0.00,0.00,0.00
2021-02-24-14,24.25,26.71,42.35
2021-02-24-15,22.80,23.75,50.30
2021-02-24-16,9.63,0.00,50.25
2021-02-24-17,0.00,0.00,0.00
2021-02-24-18,0.00,0.00,0.00
2021-02-24-19,0.00,0.00,0.00
2021-02-24-20,0.00,0.00,0.00
2021-02-24-21,0.00,0.00,0.00
2021-02-24-22,0.00,0.00,0.00
2021-02-24-23,0.00,0.00,0.00
2021-02-25-0,0.00,0.00,0.00
2021-02-25-1,0.00,0.00,0.00
2021-02-25-2,0.00,0.00,0.00
2021-02-25-3,0.00,0.00,0.00
2021-02-25-13,21.14,22.17,34.55
2021-02-25-14,13.25,13.78,29.13
2021-02-25-15,8.80,8.13,41.62
2021-02-25-16,19.88,0.00,203.93
2021-02-25-17,0.00,0.00,0.00
2021-02-25-18,0.00,0.00,0.00
2021-02-25-19,0.00,0.00,0.00
2021-02-25-20,0.00,0.00,0.00
2021-02-25-21,0.00,0.00,0.00
2021-02-25-22,0.00,0.00,0.00
2021-02-25-23,0.00,0.00,0.00
2021-02-26-0,0.00,0.00,0.00
2021-02-26-1,0.00,0.00,0.00
2021-02-26-2,0.00,0.00,0.00
2021-02-26-3,0.43,0.00,22.23
2021-02-26-15,27.69,30.80,45.30
2021-02-26-16,2.56,0.00,38.23
2021-02-26-17,0.00,0.00,0.00
2021-02-26-18,0.00,0.00,0.00
2021-02-26-19,0.00,0.00,0.00
2021-02-26-20,0.00,0.00,0.00
2021-02-26-21,0.00,0.00,0.00
2021-02-26-22,0.00,0.00,0.00
2021-02-26-23,0.00,0.00,0.00
2021-02-27-0,0.00,0.00,0.00
2021-02-27-1,0.00,0.00,0.00
2021-02-27-2,0.00,0.00,0.00
2021-02-27-3,0.00,0.00,0.00
2021-02-27-16,7.91,0.00,224.48
2021-02-27-17,0.00,0.00,0.00
2021-02-27-18,0.00,0.00,0.00
2021-02-27-19,0.00,0.00,0.00
2021-02-27-20,0.00,0.00,0.00
2021-02-27-21,0.00,0.00,0.00
2021-02-27-22,0.00,0.00,0.00
2021-02-27-23,0.00,0.00,0.00
2021-02-28-0,0.00,0.00,0.00
2021-02-28-1,0.00,0.00,0.00
2021-02-28-2,0.00,0.00,0.00
2021-02-28-3,0.00,0.00,0.00
2021-02-28-4,17.58,18.67,36.63
2021-02-28-5,16.47,17.93,27.23
2021-02-28-14,18.91,21.31,29.15
2021-02-28-15,22.38,23.96,49.78
2021-02-28-16,1.11,0.00,28.95
2021-02-28-17,0.00,0.00,0.00
2021-02-28-18,0.00,0.00,0.00
2021-02-28-19,0.00,0.00,0.00
2021-02-28-20,0.00,0.00,0.00
2021-02-28-21,0.00,0.00,0.00
2021-02-28-22,0.00,0.00,0.00
2021-02-28-23,0.00,0.00,0.00
2021-03-01-0,0.00,0.00,0.00
2021-03-01-1,0.00,0.00,0.00
2021-03-01-2,0.00,0.00,0.00
2021-03-01-3,0.00,0.00,0.00
2021-03-01-4,16.10,12.99,48.30
2021-03-01-6,71.59,72.46,205.94
2021-03-01-7,34.51,35.86,87.72
2021-03-01-8,24.05,25.04,37.55
2021-03-01-9,120.91,114.06,249.07
2021-03-01-10,185.26,201.24,249.07
2021-03-01-14,20.87,22.79,37.35
2021-03-01-15,23.21,22.99,63.70
2021-03-01-16,0.00,0.00,0.00
2021-03-01-17,0.00,0.00,0.00
2021-03-01-18,0.00,0.00,0.00
2021-03-01-19,0.00,0.00,0.00
2021-03-01-20,0.00,0.00,0.00
2021-03-01-21,0.00,0.00,0.00
2021-03-01-22,0.00,0.00,0.00
2021-03-01-23,0.00,0.00,0.00
2021-03-02-0,0.00,0.00,0.00
2021-03-02-1,0.00,0.00,0.00
2021-03-02-2,0.00,0.00,0.00
2021-03-02-3,0.00,0.00,0.00
2021-03-02-4,13.20,10.22,45.44
2021-03-02-5,5.18,5.57,11.94
2021-03-02-6,12.88,10.21,50.21
2021-03-02-7,39.22,41.80,74.74
2021-03-02-8,37.25,32.80,183.80
2021-03-02-9,40.18,30.69,239.15
2021-03-02-10,46.26,36.53,165.85
2021-03-02-11,25.30,25.54,75.93
2021-03-02-12,26.69,23.56,83.69
2021-03-02-13,30.50,33.88,67.39
2021-03-02-14,36.94,35.69,133.33
2021-03-02-15,64.25,71.96,162.13
2021-03-02-16,0.00,0.00,0.00
2021-03-02-17,0.00,0.00,0.00
2021-03-02-18,0.00,0.00,0.00
2021-03-02-19,0.00,0.00,0.00
2021-03-02-20,0.00,0.00,0.00
2021-03-02-21,0.00,0.00,0.00
2021-03-02-22,0.00,0.00,0.00
2021-03-02-23,0.00,0.00,0.00
2021-03-03-0,0.00,0.00,0.00
2021-03-03-1,0.00,0.00,0.00
2021-03-03-2,0.00,0.00,0.00
2021-03-03-3,0.00,0.00,0.00
2021-03-03-4,54.03,50.90,210.03
2021-03-03-5,41.37,41.82,120.25
2021-03-03-6,47.38,43.43,130.98
2021-03-03-7,64.53,61.48,215.53
2021-03-03-8,36.05,38.21,69.33
2021-03-03-9,50.71,46.55,163.46
2021-03-03-10,30.91,32.23,73.45
2021-03-03-11,42.05,43.01,103.06
2021-03-03-12,30.34,33.20,56.82
2021-03-03-13,26.66,28.43,45.88
2021-03-03-14,22.46,24.23,40.06
2021-03-03-15,33.93,31.77,79.05
2021-03-03-16,0.00,0.00,0.00
2021-03-03-17,0.00,0.00,0.00
2021-03-03-18,0.00,0.00,0.00
2021-03-03-19,0.00,0.00,0.00
2021-03-03-20,0.00,0.00,0.00
2021-03-03-21,0.00,0.00,0.00
2021-03-03-22,0.00,0.00,0.00
2021-03-03-23,0.00,0.00,0.00
2021-03-04-0,0.00,0.00,0.00
2021-03-04-1,0.00,0.00,0.00
2021-03-04-2,0.00,0.00,0.00
2021-03-04-3,0.00,0.00,0.00
2021-03-04-4,12.94,11.90,35.08
2021-03-04-5,3.79,3.98,9.52
2021-03-04-6,3.03,3.32,5.58
2021-03-04-7,3.25,3.50,9.36
2021-03-04-8,4.94,5.28,10.52
2021-03-04-9,6.50,7.04,11.35
2021-03-04-10,7.17,7.75,12.72
2021-03-04-11,4.78,5.07,9.65
2021-03-04-12,4.90,5.09,9.19
2021-03-04-13,7.65,7.58,19.89
2021-03-04-14,55.52,42.64,205.80
2021-03-04-15,59.16,64.87,123.49
2021-03-04-16,0.00,0.00,0.00
2021-03-04-17,0.00,0.00,0.00
2021-03-04-18,0.00,0.00,0.00
2021-03-04-19,0.00,0.00,0.00
2021-03-04-20,0.00,0.00,0.00
2021-03-04-21,0.00,0.00,0.00
2021-03-04-22,0.00,0.00,0.00
2021-03-04-23,0.00,0.00,0.00
2021-03-06-0,0.00,0.00,0.00
2021-03-06-1,0.00,0.00,0.00
2021-03-06-2,0.00,0.00,0.00
2021-03-06-3,0.00,0.00,0.00
2021-03-06-4,18.44,14.27,224.48
2021-03-06-5,13.32,11.89,38.03
2021-03-06-6,18.26,18.63,38.55
2021-03-06-7,28.12,28.67,105.32
2021-03-06-8,79.33,84.17,138.55
2021-03-06-9,45.50,41.92,145.92
2021-03-06-10,64.97,48.77,225.40
2021-03-06-11,69.21,66.08,194.72
2021-03-06-12,82.11,78.96,203.33
2021-03-06-13,28.48,26.96,77.51
2021-03-06-14,13.77,12.47,39.68
2021-03-06-15,21.60,19.94,129.65
2021-03-06-16,0.00,0.00,0.00
2021-03-06-17,0.00,0.00,0.00
2021-03-06-18,0.00,0.00,0.00
2021-03-06-19,0.00,0.00,0.00
2021-03-06-20,0.00,0.00,0.00
2021-03-06-21,0.00,0.00,0.00
2021-03-06-22,0.00,0.00,0.00
2021-03-06-23,0.00,0.00,0.00
2021-03-07-0,0.00,0.00,0.00
2021-03-07-1,0.00,0.00,0.00
2021-03-07-2,0.00,0.00,0.00
2021-03-07-3,0.00,0.00,0.00
2021-03-07-4,11.52,8.96,36.61
2021-03-07-5,3.97,3.69,13.57
2021-03-07-6,2.60,2.79,8.94
2021-03-07-7,2.66,2.97,4.86
2021-03-07-8,2.38,2.50,5.71
2021-03-07-9,8.63,7.74,26.40
2021-03-07-10,12.01,11.83,24.63
2021-03-07-11,10.23,11.05,16.78
2021-03-07-12,4.69,4.39,11.71
2021-03-07-13,2.27,2.42,10.88
2021-03-07-14,3.48,3.21,12.49
2021-03-07-15,17.22,13.13,95.37
2021-03-07-16,0.00,0.00,0.00
2021-03-07-17,0.00,0.00,0.00
2021-03-07-18,0.00,0.00,0.00
2021-03-07-19,0.00,0.00,0.00
2021-03-07-20,0.00,0.00,0.00
2021-03-07-21,0.00,0.00,0.00
2021-03-07-22,0.00,0.00,0.00
2021-03-07-23,0.00,0.00,0.00
2021-03-08-0,0.00,0.00,0.00
2021-03-08-1,0.00,0.00,0.00
2021-03-08-2,0.00,0.00,0.00
2021-03-08-3,0.00,0.00,0.00
2021-03-08-4,13.90,10.22,46.85
2021-03-08-5,4.24,3.95,15.07
2021-03-08-6,2.43,2.50,4.99
2021-03-08-7,2.21,2.42,4.51
2021-03-08-8,1.91,2.01,19.65
2021-03-08-9,1.86,1.90,4.20
2021-03-08-10,2.00,2.01,4.68
2021-03-08-11,2.43,2.48,6.28
2021-03-08-12,7.82,4.09,61.13
2021-03-08-13,12.90,12.69,27.59
2021-03-08-14,6.81,6.67,18.43
2021-03-08-15,11.73,5.26,37.95
2021-03-08-16,0.00,0.00,0.00
2021-03-08-17,0.00,0.00,0.00
2021-03-08-18,0.00,0.00,0.00
2021-03-08-19,0.00,0.00,0.00
2021-03-08-20,0.00,0.00,0.00
2021-03-08-21,0.00,0.00,0.00
2021-03-08-22,0.00,0.00,0.00
2021-03-08-23,0.00,0.00,0.00
2021-03-09-0,0.00,0.00,0.00
2021-03-09-1,0.00,0.00,0.00
2021-03-09-2,0.00,0.00,0.00
2021-03-09-3,0.00,0.00,0.00
2021-03-09-4,12.51,0.00,129.06
2021-03-09-5,5.88,4.63,59.74
2021-03-09-6,3.09,3.39,5.71
2021-03-09-7,2.96,3.27,5.39
2021-03-09-8,2.75,3.08,5.39
2021-03-09-9,2.98,3.27,11.88
2021-03-09-10,4.02,4.38,8.43
2021-03-09-11,4.41,4.69,8.77
2021-03-09-12,3.45,3.68,6.47
2021-03-09-13,5.24,5.15,13.45
2021-03-09-14,6.72,6.38,37.34
2021-03-09-15,19.53,12.42,135.97
2021-03-09-16,0.00,0.00,0.00
2021-03-09-17,0.00,0.00,0.00
2021-03-09-18,0.00,0.00,0.00
2021-03-09-19,0.00,0.00,0.00
2021-03-09-20,0.00,0.00,0.00
2021-03-09-21,0.00,0.00,0.00
2021-03-09-22,0.00,0.00,0.00
2021-03-09-23,0.00,0.00,0.00
2021-03-10-0,0.00,0.00,0.00
2021-03-10-1,0.00,0.00,0.00
2021-03-10-2,0.00,0.00,0.00
2021-03-10-3,0.00,0.00,0.00
2021-03-10-4,6.43,0.00,26.19
2021-03-10-5,5.14,3.39,26.26
2021-03-10-6,2.34,2.61,4.58
2021-03-10-7,2.28,2.50,4.39
2021-03-10-8,1.82,2.08,9.67
2021-03-10-9,1.62,1.78,4.21
2021-03-10-10,1.91,2.08,5.37
2021-03-10-11,1.42,1.60,3.61
2021-03-10-12,1.15,1.12,3.20
2021-03-10-13,1.18,1.19,2.78
2021-03-10-14,2.46,1.42,17.62
2021-03-10-15,12.31,0.00,51.21
2021-03-10-16,0.00,0.00,0.00
2021-03-10-17,0.00,0.00,0.00
2021-03-10-18,0.00,0.00,0.00
2021-03-10-19,0.00,0.00,0.00
2021-03-10-20,0.00,0.00,0.00
2021-03-10-21,0.00,0.00,0.00
2021-03-10-22,0.00,0.00,0.00
2021-03-10-23,0.00,0.00,0.00
2021-03-11-0,0.00,0.00,0.00
2021-03-11-1,0.00,0.00,0.00
2021-03-11-2,0.00,0.00,0.00
2021-03-11-3,0.00,0.00,0.00
2021-03-11-4,8.39,0.00,48.85
2021-03-11-5,3.75,2.72,21.20
2021-03-11-6,1.89,2.08,3.68
2021-03-11-7,2.11,2.31,5.50
2021-03-11-8,2.12,2.31,4.27
2021-03-11-9,2.18,2.20,6.29
2021-03-11-10,2.31,2.50,8.97
2021-03-11-11,1.65,1.90,3.79
2021-03-11-12,1.41,1.49,6.20
2021-03-11-13,1.06,1.01,2.50
2021-03-11-14,4.08,2.31,26.12
2021-03-11-15,11.09,0.00,42.27
2021-03-11-16,0.00,0.00,0.00
2021-03-11-17,0.00,0.00,0.00
2021-03-11-18,0.00,0.00,0.00
2021-03-11-19,0.00,0.00,0.00
2021-03-11-20,0.00,0.00,0.00
2021-03-11-21,0.00,0.00,0.00
2021-03-11-22,0.00,0.00,0.00
2021-03-11-23,0.00,0.00,0.00
2021-03-12-0,0.00,0.00,0.00
2021-03-12-1,0.00,0.00,0.00
2021-03-12-2,0.00,0.00,0.00
2021-03-12-3,0.00,0.00,0.00
2021-03-12-4,5.23,0.00,120.65
2021-03-12-5,11.10,7.57,123.48
2021-03-12-6,18.86,17.55,61.38
2021-03-12-7,33.79,34.91,82.08
2021-03-12-8,50.41,46.21,152.46
2021-03-12-9,41.37,39.74,136.11
2021-03-12-10,61.01,45.71,203.97
2021-03-12-11,38.10,36.13,134.00
2021-03-12-12,27.05,22.53,94.50
2021-03-12-13,8.17,8.35,19.64
2021-03-12-14,28.42,14.63,216.26
2021-03-12-15,29.48,0.00,202.00
2021-03-12-16,0.00,0.00,0.00
2021-03-12-17,0.00,0.00,0.00
2021-03-12-18,0.00,0.00,0.00
2021-03-12-19,0.00,0.00,0.00
2021-03-12-20,0.00,0.00,0.00
2021-03-12-21,0.00,0.00,0.00
2021-03-12-22,0.00,0.00,0.00
2021-03-12-23,0.00,0.00,0.00
2021-03-13-0,0.00,0.00,0.00
2021-03-13-1,0.00,0.00,0.00
2021-03-13-2,0.00,0.00,0.00
2021-03-13-3,0.00,0.00,0.00
2021-03-13-4,8.61,0.00,138.45
2021-03-13-6,39.76,40.60,119.88
2021-03-13-7,35.28,36.79,69.25
2021-03-13-8,28.25,27.08,217.56
2021-03-13-9,79.42,45.11,243.09
2021-03-13-10,82.81,79.20,195.22
2021-03-13-11,42.49,43.29,102.53
2021-03-13-12,17.64,18.21,33.06
2021-03-13-13,16.88,16.91,32.59
2021-03-13-14,17.42,13.30,70.05
2021-03-13-15,4.97,0.00,64.97
2021-03-13-16,0.00,0.00,0.00
2021-03-13-17,0.00,0.00,0.00
2021-03-13-18,0.00,0.00,0.00
2021-03-13-19,0.00,0.00,0.00
2021-03-13-20,0.00,0.00,0.00
2021-03-13-21,0.00,0.00,0.00
2021-03-13-22,0.00,0.00,0.00
2021-03-13-23,0.00,0.00,0.00
2021-03-14-0,0.00,0.00,0.00
2021-03-14-1,0.00,0.00,0.00
2021-03-14-2,0.00,0.00,0.00
2021-03-14-3,0.00,0.00,0.00
2021-03-14-4,3.92,0.00,130.00
2021-03-14-5,91.24,64.03,239.50
2021-03-14-6,67.95,50.44,246.27
2021-03-14-7,37.30,36.63,212.97
2021-03-14-8,39.88,34.56,212.90
2021-03-14-9,40.61,34.73,188.65
2021-03-14-10,67.32,60.38,226.00
2021-03-14-11,29.30,26.54,195.70
2021-03-14-12,22.21,21.87,86.65
2021-03-14-13,27.85,28.71,60.89
2021-03-14-14,56.83,41.44,220.95
2021-03-14-15,23.46,0.00,209.19
2021-03-14-16,0.00,0.00,0.00
2021-03-14-17,0.00,0.00,0.00
2021-03-14-18,0.00,0.00,0.00
2021-03-14-19,0.00,0.00,0.00
2021-03-14-20,0.00,0.00,0.00
2021-03-14-21,0.00,0.00,0.00
2021-03-14-22,0.00,0.00,0.00
2021-03-14-23,0.00,0.00,0.00
2021-03-15-0,0.00,0.00,0.00
2021-03-15-1,0.00,0.00,0.00
2021-03-15-2,0.00,0.00,0.00
2021-03-15-3,0.00,0.00,0.00
2021-03-15-4,2.95,0.00,218.25
2021-03-15-5,16.79,11.39,224.36
2021-03-15-6,4.97,4.39,20.26
2021-03-15-7,8.66,7.45,46.65
2021-03-15-8,54.26,27.28,229.58
2021-03-15-9,66.57,58.35,228.20
2021-03-15-10,25.78,26.03,61.58
2021-03-15-11,23.79,23.95,59.71
2021-03-15-12,6.29,5.39,26.10
2021-03-15-13,3.72,3.79,20.75
2021-03-15-14,17.23,10.96,79.15
2021-03-15-15,3.89,0.00,71.65
2021-03-15-16,0.00,0.00,0.00
2021-03-15-17,0.00,0.00,0.00
2021-03-15-18,0.00,0.00,0.00
2021-03-15-19,0.00,0.00,0.00
2021-03-15-20,0.00,0.00,0.00
2021-03-15-21,0.00,0.00,0.00
2021-03-15-22,0.00,0.00,0.00
2021-03-15-23,0.00,0.00,0.00
2021-03-16-0,0.00,0.00,0.00
2021-03-16-1,0.00,0.00,0.00
2021-03-16-2,0.00,0.00,0.00
2021-03-16-3,0.00,0.00,0.00
2021-03-16-4,1.77,0.00,37.98
2021-03-16-5,14.02,8.68,41.86
2021-03-16-6,2.15,2.21,4.93
2021-03-16-7,1.51,1.49,3.68
2021-03-16-8,1.39,1.48,3.97
2021-03-16-9,1.80,2.01,4.28
2021-03-16-10,1.80,2.01,10.56
2021-03-16-11,2.55,2.61,9.96
2021-03-16-12,2.89,3.20,5.51
2021-03-16-13,2.16,2.38,4.51
2021-03-16-14,12.93,8.78,36.34
2021-03-16-15,1.08,0.00,24.25
2021-03-16-16,0.00,0.00,0.00
2021-03-16-17,0.00,0.00,0.00
2021-03-16-18,0.00,0.00,0.00
2021-03-16-19,0.00,0.00,0.00
2021-03-16-20,0.00,0.00,0.00
2021-03-16-21,0.00,0.00,0.00
2021-03-16-22,0.00,0.00,0.00
2021-03-16-23,0.00,0.00,0.00
2021-03-17-0,0.00,0.00,0.00
2021-03-17-1,0.00,0.00,0.00
2021-03-17-2,0.00,0.00,0.00
2021-03-17-3,0.00,0.00,0.00
2021-03-17-4,0.98,0.00,66.88
2021-03-17-5,18.48,12.16,130.23
2021-03-17-6,3.33,3.51,9.13
2021-03-17-7,2.67,2.91,4.69
2021-03-17-8,3.06,3.38,5.39
2021-03-17-9,3.46,3.79,15.10
2021-03-17-10,4.40,4.79,7.66
2021-03-17-11,5.72,6.06,9.54
2021-03-17-12,6.48,7.00,11.25
2021-03-17-13,4.47,4.79,12.66
2021-03-17-14,20.37,12.71,61.03
2021-03-17-15,1.85,0.00,41.06
2021-03-17-16,0.00,0.00,0.00
2021-03-17-17,0.00,0.00,0.00
2021-03-17-18,0.00,0.00,0.00
2021-03-17-19,0.00,0.00,0.00
2021-03-17-20,0.00,0.00,0.00
2021-03-17-21,0.00,0.00,0.00
2021-03-17-22,0.00,0.00,0.00
2021-03-17-23,0.00,0.00,0.00
2021-03-18-0,0.00,0.00,0.00
2021-03-18-1,0.00,0.00,0.00
2021-03-18-2,0.00,0.00,0.00
2021-03-18-3,0.00,0.00,0.00
2021-03-18-4,0.00,0.00,0.00
2021-03-18-5,16.13,12.57,97.94
2021-03-18-6,4.36,4.59,10.27
2021-03-18-7,4.03,4.39,7.46
2021-03-18-8,7.87,7.70,248.16
2021-03-18-9,6.89,6.29,20.93
2021-03-18-10,4.83,4.88,10.28
2021-03-18-11,3.28,3.39,6.69
2021-03-18-12,2.80,3.09,5.10
2021-03-18-13,3.65,3.98,10.24
2021-03-18-14,22.83,15.17,90.91
2021-03-18-15,0.46,0.00,24.21
2021-03-18-16,0.00,0.00,0.00
2021-03-18-17,0.00,0.00,0.00
2021-03-18-18,0.00,0.00,0.00
2021-03-18-19,0.00,0.00,0.00
2021-03-18-20,0.00,0.00,0.00
2021-03-18-21,0.00,0.00,0.00
2021-03-18-22,0.00,0.00,0.00
2021-03-18-23,0.00,0.00,0.00
2021-03-19-0,0.00,0.00,0.00
2021-03-19-1,0.00,0.00,0.00
2021-03-19-2,0.00,0.00,0.00
2021-03-19-3,0.00,0.00,0.00
2021-03-19-4,0.00,0.00,0.00
2021-03-19-5,20.29,19.37,90.30
2021-03-19-6,13.90,14.32,24.27
2021-03-19-7,30.42,30.89,116.76
2021-03-19-8,33.00,32.76,121.87
2021-03-19-9,38.56,38.61,248.05
2021-03-19-10,33.39,31.57,86.40
2021-03-19-11,28.58,29.90,54.15
2021-03-19-12,32.19,34.57,54.05
2021-03-19-13,22.12,23.08,45.77
2021-03-19-14,25.68,24.21,64.87
2021-03-19-15,0.00,0.00,0.00
2021-03-19-16,0.00,0.00,0.00
2021-03-19-17,0.00,0.00,0.00
2021-03-19-18,0.00,0.00,0.00
2021-03-19-19,0.00,0.00,0.00
2021-03-19-20,0.00,0.00,0.00
2021-03-19-21,0.00,0.00,0.00
2021-03-19-22,0.00,0.00,0.00
2021-03-19-23,0.00,0.00,0.00
2021-03-20-0,0.00,0.00,0.00
2021-03-20-1,0.00,0.00,0.00
2021-03-20-2,0.00,0.00,0.00
2021-03-20-3,0.00,0.00,0.00
2021-03-20-4,0.00,0.00,0.00
2021-03-20-5,18.21,15.00,222.60
2021-03-20-6,65.09,11.50,249.07
2021-03-20-7,163.00,170.69,249.07
2021-03-20-8,114.38,114.92,247.13
2021-03-20-9,37.37,21.57,248.96
2021-03-20-10,166.02,171.28,249.07
2021-03-20-11,65.19,62.48,201.50
2021-03-20-12,22.21,20.63,136.78
2021-03-20-13,16.93,16.11,68.69
2021-03-20-14,20.76,19.60,98.06
2021-03-20-15,0.00,0.00,0.00
2021-03-20-16,0.00,0.00,0.00
2021-03-20-17,0.00,0.00,0.00
2021-03-20-18,0.00,0.00,0.00
2021-03-20-19,0.00,0.00,0.00
2021-03-20-20,0.00,0.00,0.00
2021-03-20-21,0.00,0.00,0.00
2021-03-20-22,0.00,0.00,0.00
2021-03-20-23,0.00,0.00,0.00
2021-03-21-0,0.00,0.00,0.00
2021-03-21-1,0.00,0.00,0.00
2021-03-21-2,0.00,0.00,0.00
2021-03-21-3,0.00,0.00,0.00
2021-03-21-4,0.00,0.00,0.00
2021-03-21-5,18.17,14.74,223.89
2021-03-21-6,6.31,5.52,26.33
2021-03-21-7,5.19,4.99,24.72
2021-03-21-8,8.84,7.98,27.85
2021-03-21-9,24.43,25.86,44.22
2021-03-21-10,17.61,16.51,244.06
2021-03-21-11,14.00,10.57,248.39
2021-03-21-12,71.30,69.33,197.19
2021-03-21-13,94.48,96.85,190.31
2021-03-21-14,113.55,132.53,239.45
2021-03-21-15,0.00,0.00,0.00
2021-03-21-16,0.00,0.00,0.00
2021-03-21-17,0.00,0.00,0.00
2021-03-21-18,0.00,0.00,0.00
2021-03-21-19,0.00,0.00,0.00
2021-03-21-20,0.00,0.00,0.00
2021-03-21-21,0.00,0.00,0.00
2021-03-21-22,0.00,0.00,0.00
2021-03-21-23,0.00,0.00,0.00
2021-03-22-0,0.00,0.00,0.00
2021-03-22-1,0.00,0.00,0.00
2021-03-22-2,0.00,0.00,0.00
2021-03-22-3,0.00,0.00,0.00
2021-03-22-4,0.00,0.00,0.00
2021-03-22-5,21.40,18.49,224.48
2021-03-22-6,17.16,15.47,74.99
2021-03-22-7,19.80,19.71,57.02
2021-03-22-8,18.13,19.13,42.14
2021-03-22-9,29.58,29.84,54.52
2021-03-22-10,28.41,29.30,62.36
2021-03-22-11,18.43,16.67,248.50
2021-03-22-12,9.98,8.87,51.88
2021-03-22-13,14.01,12.99,39.97
2021-03-22-14,27.96,28.92,132.57
2021-03-22-15,0.00,0.00,0.00
2021-03-22-16,0.00,0.00,0.00
2021-03-22-17,0.00,0.00,0.00
2021-03-22-18,0.00,0.00,0.00
2021-03-22-19,0.00,0.00,0.00
2021-03-22-20,0.00,0.00,0.00
2021-03-22-21,0.00,0.00,0.00
2021-03-22-22,0.00,0.00,0.00
2021-03-22-23,0.00,0.00,0.00
2021-03-23-0,0.00,0.00,0.00
2021-03-23-1,0.00,0.00,0.00
2021-03-23-2,0.00,0.00,0.00
2021-03-23-3,0.00,0.00,0.00
2021-03-23-4,0.00,0.00,0.00
2021-03-23-5,7.12,0.00,31.47
2021-03-23-6,19.83,22.18,35.55
2021-03-23-7,22.26,24.18,40.11
2021-03-23-8,22.19,25.56,37.48
2021-03-23-9,22.25,24.86,43.34
2021-03-23-10,23.85,26.31,41.65
2021-03-23-11,26.77,28.68,54.79
2021-03-23-12,24.24,26.18,44.65
2021-03-23-13,14.65,15.43,30.06
2021-03-23-14,24.97,21.90,72.81
2021-03-23-15,0.00,0.00,0.00
2021-03-23-16,0.00,0.00,0.00
2021-03-23-17,0.00,0.00,0.00
2021-03-23-18,0.00,0.00,0.00
2021-03-23-19,0.00,0.00,0.00
2021-03-23-20,0.00,0.00,0.00
2021-03-23-21,0.00,0.00,0.00
2021-03-23-22,0.00,0.00,0.00
2021-03-23-23,0.00,0.00,0.00
2021-03-24-0,0.00,0.00,0.00
2021-03-24-1,0.00,0.00,0.00
2021-03-24-2,0.00,0.00,0.00
2021-03-24-3,0.00,0.00,0.00
2021-03-24-4,0.00,0.00,0.00
2021-03-24-5,4.73,0.00,29.41
2021-03-24-10,45.40,38.76,99.99
2021-03-24-11,77.33,89.96,152.03
2021-03-24-12,69.41,69.13,156.07
2021-03-24-13,43.75,47.71,73.31
2021-03-24-14,26.43,24.84,68.57
2021-03-24-15,0.00,0.00,0.00
2021-03-24-16,0.00,0.00,0.00
2021-03-24-17,0.00,0.00,0.00
2021-03-24-18,0.00,0.00,0.00
2021-03-24-19,0.00,0.00,0.00
2021-03-24-20,0.00,0.00,0.00
2021-03-24-21,0.00,0.00,0.00
2021-03-24-22,0.00,0.00,0.00
2021-03-24-23,0.00,0.00,0.00
2021-03-25-0,0.00,0.00,0.00
2021-03-25-1,0.00,0.00,0.00
2021-03-25-2,0.00,0.00,0.00
2021-03-25-3,0.00,0.00,0.00
2021-03-25-4,0.00,0.00,0.00
2021-03-25-5,3.05,0.00,30.38
2021-03-25-11,67.56,67.22,154.31
2021-03-25-12,70.23,79.75,117.16
2021-03-25-13,80.60,85.59,158.59
2021-03-25-14,59.81,22.56,186.98
2021-03-25-15,0.00,0.00,0.00
2021-03-25-16,0.00,0.00,0.00
2021-03-25-17,0.00,0.00,0.00
2021-03-25-18,0.00,0.00,0.00
2021-03-25-19,0.00,0.00,0.00
2021-03-25-20,0.00,0.00,0.00
2021-03-25-21,0.00,0.00,0.00
2021-03-25-22,0.00,0.00,0.00
2021-03-25-23,0.00,0.00,0.00
2021-03-26-0,0.00,0.00,0.00
2021-03-26-1,0.00,0.00,0.00
2021-03-26-2,0.00,0.00,0.00
2021-03-26-3,0.00,0.00,0.00
2021-03-26-4,0.00,0.00,0.00
2021-03-26-5,4.88,0.00,56.63
2021-03-26-6,48.94,43.09,176.39
2021-03-26-9,141.58,157.13,248.50
2021-03-26-11,60.16,64.11,130.00
2021-03-26-12,55.36,59.11,116.35
2021-03-26-13,76.38,79.77,141.44
2021-03-26-14,26.36,0.00,101.73
2021-03-26-15,0.00,0.00,0.00
2021-03-26-16,0.00,0.00,0.00
2021-03-26-17,0.00,0.00,0.00
2021-03-26-18,0.00,0.00,0.00
2021-03-26-19,0.00,0.00,0.00
2021-03-26-20,0.00,0.00,0.00
2021-03-26-21,0.00,0.00,0.00
2021-03-26-22,0.00,0.00,0.00
2021-03-26-23,0.00,0.00,0.00
2021-03-27-0,0.00,0.00,0.00
2021-03-27-1,0.00,0.00,0.00
2021-03-27-2,0.00,0.00,0.00
2021-03-27-3,0.00,0.00,0.00
2021-03-27-4,0.00,0.00,0.00
2021-03-27-5,1.51,0.00,29.09
2021-03-27-12,16.20,17.94,27.69
2021-03-27-13,17.48,18.93,40.25
2021-03-27-14,4.85,0.00,38.18
2021-03-27-15,0.00,0.00,0.00
2021-03-27-16,0.00,0.00,0.00
2021-03-27-17,0.00,0.00,0.00
2021-03-27-18,0.00,0.00,0.00
2021-03-27-19,0.00,0.00,0.00
2021-03-27-20,0.00,0.00,0.00
2021-03-27-21,0.00,0.00,0.00
2021-03-27-22,0.00,0.00,0.00
2021-03-27-23,0.00,0.00,0.00
2021-03-28-0,0.00,0.00,0.00
2021-03-28-1,0.00,0.00,0.00
2021-03-28-2,0.00,0.00,0.00
2021-03-28-3,0.00,0.00,0.00
2021-03-28-4,0.00,0.00,0.00
2021-03-28-5,1.46,0.00,28.98
2021-03-28-14,1.13,0.00,29.89
2021-03-28-15,0.00,0.00,0.00
2021-03-28-16,0.00,0.00,0.00
2021-03-28-17,0.00,0.00,0.00
2021-03-28-18,0.00,0.00,0.00
2021-03-28-19,0.00,0.00,0.00
2021-03-28-20,0.00,0.00,0.00
2021-03-28-21,0.00,0.00,0.00
2021-03-28-22,0.00,0.00,0.00
2021-03-28-23,0.00,0.00,0.00
2021-03-29-0,0.00,0.00,0.00
2021-03-29-1,0.00,0.00,0.00
2021-03-29-2,0.00,0.00,0.00
2021-03-29-3,0.00,0.00,0.00
2021-03-29-4,0.00,0.00,0.00
2021-03-29-5,7.91,0.00,42.66
2021-03-29-6,19.32,20.76,42.84
2021-03-29-7,16.94,18.86,28.05
2021-03-29-12,18.19,20.84,27.69
2021-03-29-13,21.11,21.84,51.85
2021-03-29-14,4.56,0.00,51.20
2021-03-29-15,0.00,0.00,0.00
2021-03-29-16,0.00,0.00,0.00
2021-03-29-17,0.00,0.00,0.00
2021-03-29-18,0.00,0.00,0.00
2021-03-29-19,0.00,0.00,0.00
2021-03-29-20,0.00,0.00,0.00
2021-03-29-21,0.00,0.00,0.00
2021-03-29-22,0.00,0.00,0.00
2021-03-29-23,0.00,0.00,0.00
2021-03-30-0,0.00,0.00,0.00
2021-03-30-1,0.00,0.00,0.00
2021-03-30-2,0.00,0.00,0.00
2021-03-30-3,0.00,0.00,0.00
2021-03-30-4,0.00,0.00,0.00
2021-03-30-5,27.25,0.00,224.48
2021-03-30-6,4.76,3.02,26.26
2021-03-30-7,3.11,3.02,9.87
2021-03-30-8,9.48,9.32,20.49
2021-03-30-9,15.33,16.21,25.89
2021-03-30-10,16.82,17.55,27.99
2021-03-30-11,16.53,17.09,27.36
2021-03-30-12,15.97,16.44,26.64
2021-03-30-13,26.37,24.78,55.22
2021-03-30-14,5.47,0.00,54.91
2021-03-30-15,0.00,0.00,0.00
2021-03-30-16,0.00,0.00,0.00
2021-03-30-17,0.00,0.00,0.00
2021-03-30-18,0.00,0.00,0.00
2021-03-30-19,0.00,0.00,0.00
2021-03-30-20,0.00,0.00,0.00
2021-03-30-21,0.00,0.00,0.00
2021-03-30-22,0.00,0.00,0.00
2021-03-30-23,0.00,0.00,0.00
2021-03-31-0,0.00,0.00,0.00
2021-03-31-1,0.00,0.00,0.00
2021-03-31-2,0.00,0.00,0.00
2021-03-31-3,0.00,0.00,0.00
2021-03-31-4,0.00,0.00,0.00
2021-03-31-5,8.23,0.00,128.76
2021-03-31-6,40.11,38.79,128.94
2021-03-31-7,46.53,37.82,199.10
2021-03-31-8,54.63,48.61,209.08
2021-03-31-9,31.62,34.13,55.20
2021-03-31-10,26.61,27.18,86.95
2021-03-31-11,35.67,31.24,128.33
2021-03-31-12,52.51,56.88,111.44
2021-03-31-13,85.51,81.94,173.07
2021-03-31-14,10.76,0.00,167.50
2021-03-31-15,0.00,0.00,0.00
2021-03-31-16,0.00,0.00,0.00
2021-03-31-17,0.00,0.00,0.00
2021-03-31-18,0.00,0.00,0.00
2021-03-31-19,0.00,0.00,0.00
2021-03-31-20,0.00,0.00,0.00
2021-03-31-21,0.00,0.00,0.00
2021-03-31-22,0.00,0.00,0.00
2021-03-31-23,0.00,0.00,0.00
2021-04-01-0,0.00,0.00,0.00
2021-04-01-1,0.00,0.00,0.00
2021-04-01-2,0.00,0.00,0.00
2021-04-01-3,0.00,0.00,0.00
2021-04-01-4,0.00,0.00,0.00
2021-04-01-5,8.19,0.00,64.65
2021-04-01-6,38.22,39.44,64.38
2021-04-01-7,23.28,24.53,48.57
2021-04-01-8,20.92,22.24,48.82
2021-04-01-9,16.16,17.37,29.90
2021-04-01-10,14.37,15.06,39.23
2021-04-01-11,9.52,10.07,18.80
2021-04-01-12,8.05,8.67,13.91
2021-04-01-13,21.59,19.95,41.79
2021-04-01-14,0.08,0.00,4.17
2021-04-01-15,0.00,0.00,0.00
2021-04-01-16,0.00,0.00,0.00
2021-04-01-17,0.00,0.00,0.00
2021-04-01-18,0.00,0.00,0.00
2021-04-01-19,0.00,0.00,0.00
2021-04-01-20,0.00,0.00,0.00
2021-04-01-21,0.00,0.00,0.00
2021-04-01-22,0.00,0.00,0.00
2021-04-01-23,0.00,0.00,0.00
2021-04-02-0,0.00,0.00,0.00
2021-04-02-1,0.00,0.00,0.00
2021-04-02-2,0.00,0.00,0.00
2021-04-02-3,0.00,0.00,0.00
2021-04-02-4,0.00,0.00,0.00
2021-04-02-5,1.28,0.00,34.01
2021-04-02-6,15.42,12.51,48.56
2021-04-02-7,2.55,2.50,22.68
2021-04-02-8,1.78,1.90,16.28
2021-04-02-9,1.87,1.91,5.00
2021-04-02-10,4.93,5.27,10.45
2021-04-02-11,15.43,16.14,31.64
2021-04-02-12,23.22,25.29,36.55
2021-04-02-13,47.87,42.39,153.13
2021-04-02-14,0.19,0.00,11.31
2021-04-02-15,0.00,0.00,0.00
2021-04-02-16,0.00,0.00,0.00
2021-04-02-17,0.00,0.00,0.00
2021-04-02-18,0.00,0.00,0.00
2021-04-02-19,0.00,0.00,0.00
2021-04-02-20,0.00,0.00,0.00
2021-04-02-21,0.00,0.00,0.00
2021-04-02-22,0.00,0.00,0.00
2021-04-02-23,0.00,0.00,0.00
2021-04-03-0,0.00,0.00,0.00
2021-04-03-1,0.00,0.00,0.00
2021-04-03-2,0.00,0.00,0.00
2021-04-03-3,0.00,0.00,0.00
2021-04-03-4,0.00,0.00,0.00
2021-04-03-5,0.30,0.00,12.65
2021-04-03-6,15.42,13.13,37.19
2021-04-03-7,6.14,5.97,16.66
2021-04-03-8,6.85,6.86,14.60
2021-04-03-9,3.45,3.38,8.83
2021-04-03-10,2.76,2.67,7.27
2021-04-03-11,4.37,4.37,12.20
2021-04-03-12,2.45,2.54,6.15
2021-04-03-13,12.65,9.45,45.93
2021-04-03-14,0.00,0.00,0.00
2021-04-03-15,0.00,0.00,0.00
2021-04-03-16,0.00,0.00,0.00
2021-04-03-17,0.00,0.00,0.00
2021-04-03-18,0.00,0.00,0.00
2021-04-03-19,0.00,0.00,0.00
2021-04-03-20,0.00,0.00,0.00
2021-04-03-21,0.00,0.00,0.00
2021-04-03-22,0.00,0.00,0.00
2021-04-03-23,0.00,0.00,0.00
2021-04-04-0,0.00,0.00,0.00
2021-04-04-1,0.00,0.00,0.00
2021-04-04-2,0.00,0.00,0.00
2021-04-04-3,0.00,0.00,0.00
2021-04-04-4,0.00,0.00,0.00
2021-04-04-5,1.46,0.00,35.37
2021-04-04-6,14.16,8.50,50.97
2021-04-04-7,1.84,1.90,5.15
2021-04-04-8,1.96,2.01,4.98
2021-04-04-9,1.96,1.90,4.57
2021-04-04-10,1.75,1.78,4.38
2021-04-04-11,2.10,2.30,4.78
2021-04-04-12,4.20,4.00,9.85
2021-04-04-13,31.92,16.33,143.74
2021-04-04-14,0.00,0.00,0.00
2021-04-04-15,0.00,0.00,0.00
2021-04-04-16,0.00,0.00,0.00
2021-04-04-17,0.00,0.00,0.00
2021-04-04-18,0.00,0.00,0.00
2021-04-04-19,0.00,0.00,0.00
2021-04-04-20,0.00,0.00,0.00
2021-04-04-21,0.00,0.00,0.00
2021-04-04-22,0.00,0.00,0.00
2021-04-04-23,0.00,0.00,0.00
2021-04-05-0,0.00,0.00,0.00
2021-04-05-1,0.00,0.00,0.00
2021-04-05-2,0.00,0.00,0.00
2021-04-05-3,0.00,0.00,0.00
2021-04-05-4,0.00,0.00,0.00
2021-04-05-5,0.00,0.00,0.00
2021-04-05-6,24.14,18.08,124.34
2021-04-05-7,3.47,3.62,7.98
2021-04-05-8,3.31,3.50,6.59
2021-04-05-9,2.84,2.91,5.76
2021-04-05-10,3.07,3.21,6.29
2021-04-05-11,2.85,2.61,10.51
2021-04-05-12,48.07,29.76,210.16
2021-04-05-13,57.75,70.20,111.51
2021-04-05-14,0.00,0.00,0.00
2021-04-05-15,0.00,0.00,0.00
2021-04-05-16,0.00,0.00,0.00
2021-04-05-17,0.00,0.00,0.00
2021-04-05-18,0.00,0.00,0.00
2021-04-05-19,0.00,0.00,0.00
2021-04-05-20,0.00,0.00,0.00
2021-04-05-21,0.00,0.00,0.00
2021-04-05-22,0.00,0.00,0.00
2021-04-05-23,0.00,0.00,0.00
2021-04-06-0,0.00,0.00,0.00
2021-04-06-1,0.00,0.00,0.00
2021-04-06-2,0.00,0.00,0.00
2021-04-06-3,0.00,0.00,0.00
2021-04-06-4,0.00,0.00,0.00
2021-04-06-5,0.00,0.00,0.00
2021-04-06-6,20.23,16.91,219.19
2021-04-06-7,4.00,3.33,27.38
2021-04-06-8,2.06,2.02,18.18
2021-04-06-9,1.64,1.61,7.76
2021-04-06-10,1.54,1.61,11.36
2021-04-06-11,1.68,1.72,15.96
2021-04-06-12,4.13,3.14,22.51
2021-04-06-13,26.59,22.09,126.41
2021-04-06-14,0.00,0.00,0.00
2021-04-06-15,0.00,0.00,0.00
2021-04-06-16,0.00,0.00,0.00
2021-04-06-17,0.00,0.00,0.00
2021-04-06-18,0.00,0.00,0.00
2021-04-06-19,0.00,0.00,0.00
2021-04-06-20,0.00,0.00,0.00
2021-04-06-21,0.00,0.00,0.00
2021-04-06-22,0.00,0.00,0.00
2021-04-06-23,0.00,0.00,0.00
2021-04-07-0,0.00,0.00,0.00
2021-04-07-1,0.00,0.00,0.00
2021-04-07-2,0.00,0.00,0.00
2021-04-07-3,0.00,0.00,0.00
2021-04-07-4,0.00,0.00,0.00
2021-04-07-5,0.00,0.00,0.00
2021-04-07-6,22.69,18.77,223.89
2021-04-07-7,21.43,12.14,175.55
2021-04-07-8,40.01,39.63,86.22
2021-04-07-9,133.56,134.86,239.45
2021-04-07-10,72.04,69.03,218.13
2021-04-07-11,61.00,64.38,220.66
2021-04-07-12,40.25,38.55,96.18
2021-04-07-13,42.31,49.84,145.61
2021-04-07-14,0.00,0.00,0.00
2021-04-07-15,0.00,0.00,0.00
2021-04-07-16,0.00,0.00,0.00
2021-04-07-17,0.00,0.00,0.00
2021-04-07-18,0.00,0.00,0.00
2021-04-07-19,0.00,0.00,0.00
2021-04-07-20,0.00,0.00,0.00
2021-04-07-21,0.00,0.00,0.00
2021-04-07-22,0.00,0.00,0.00
2021-04-07-23,0.00,0.00,0.00
2021-04-08-0,0.00,0.00,0.00
2021-04-08-1,0.00,0.00,0.00
2021-04-08-2,0.00,0.00,0.00
2021-04-08-3,0.00,0.00,0.00
2021-04-08-4,0.00,0.00,0.00
2021-04-08-5,0.00,0.00,0.00
2021-04-08-6,16.88,16.76,66.12
2021-04-08-7,4.45,3.96,13.20
2021-04-08-8,2.47,2.79,6.90
2021-04-08-9,2.93,3.02,8.87
2021-04-08-10,4.80,4.98,11.87
2021-04-08-11,21.84,20.02,63.44
2021-04-08-12,16.87,17.72,32.12
2021-04-08-13,26.49,26.90,80.47
2021-04-08-14,0.00,0.00,0.00
2021-04-08-15,0.00,0.00,0.00
2021-04-08-16,0.00,0.00,0.00
2021-04-08-17,0.00,0.00,0.00
2021-04-08-18,0.00,0.00,0.00
2021-04-08-19,0.00,0.00,0.00
2021-04-08-20,0.00,0.00,0.00
2021-04-08-21,0.00,0.00,0.00
2021-04-08-22,0.00,0.00,0.00
2021-04-08-23,0.00,0.00,0.00
2021-04-09-0,0.00,0.00,0.00
2021-04-09-1,0.00,0.00,0.00
2021-04-09-2,0.00,0.00,0.00
2021-04-09-3,0.00,0.00,0.00
2021-04-09-4,0.00,0.00,0.00
2021-04-09-5,0.00,0.00,0.00
2021-04-09-6,21.15,18.35,129.65
2021-04-09-7,4.71,3.44,42.62
2021-04-09-8,1.85,2.01,8.98
2021-04-09-9,2.87,2.38,11.12
2021-04-09-10,5.40,5.39,13.72
2021-04-09-11,11.63,12.64,19.98
2021-04-09-12,12.33,11.14,41.48
2021-04-09-13,25.17,14.73,81.97
2021-04-09-14,0.00,0.00,0.00
2021-04-09-15,0.00,0.00,0.00
2021-04-09-16,0.00,0.00,0.00
2021-04-09-17,0.00,0.00,0.00
2021-04-09-18,0.00,0.00,0.00
2021-04-09-19,0.00,0.00,0.00
2021-04-09-20,0.00,0.00,0.00
2021-04-09-21,0.00,0.00,0.00
2021-04-09-22,0.00,0.00,0.00
2021-04-09-23,0.00,0.00,0.00
2021-04-10-0,0.00,0.00,0.00
2021-04-10-1,0.00,0.00,0.00
2021-04-10-2,0.00,0.00,0.00
2021-04-10-3,0.00,0.00,0.00
2021-04-10-4,0.00,0.00,0.00
2021-04-10-5,0.00,0.00,0.00
2021-04-10-6,19.15,16.71,224.48
2021-04-10-7,6.64,4.38,115.92
2021-04-10-8,2.70,2.61,19.86
2021-04-10-9,2.81,2.91,8.28
2021-04-10-10,4.07,4.02,13.49
2021-04-10-11,10.19,9.90,34.06
2021-04-10-12,20.27,18.26,104.96
2021-04-10-13,23.05,0.00,128.17
2021-04-10-14,0.00,0.00,0.00
2021-04-10-15,0.00,0.00,0.00
2021-04-10-16,0.00,0.00,0.00
2021-04-10-17,0.00,0.00,0.00
2021-04-10-18,0.00,0.00,0.00
2021-04-10-19,0.00,0.00,0.00
2021-04-10-20,0.00,0.00,0.00
2021-04-10-21,0.00,0.00,0.00
2021-04-10-22,0.00,0.00,0.00
2021-04-10-23,0.00,0.00,0.00
2021-04-11-0,0.00,0.00,0.00
2021-04-11-1,0.00,0.00,0.00
2021-04-11-2,0.00,0.00,0.00
2021-04-11-3,0.00,0.00,0.00
2021-04-11-4,0.00,0.00,0.00
2021-04-11-5,0.00,0.00,0.00
2021-04-11-6,23.29,15.80,224.48
2021-04-11-7,20.44,18.68,125.83
2021-04-11-8,13.35,13.64,27.62
2021-04-11-9,16.90,17.70,31.13
2021-04-11-10,12.90,12.14,28.48
2021-04-11-11,6.17,6.59,21.37
2021-04-11-12,18.76,11.72,105.05
2021-04-11-13,13.28,0.00,97.78
2021-04-11-14,0.00,0.00,0.00
2021-04-11-15,0.00,0.00,0.00
2021-04-11-16,0.00,0.00,0.00
2021-04-11-17,0.00,0.00,0.00
2021-04-11-18,0.00,0.00,0.00
2021-04-11-19,0.00,0.00,0.00
2021-04-11-20,0.00,0.00,0.00
2021-04-11-21,0.00,0.00,0.00
2021-04-11-22,0.00,0.00,0.00
2021-04-11-23,0.00,0.00,0.00
2021-04-12-0,0.00,0.00,0.00
2021-04-12-1,0.00,0.00,0.00
2021-04-12-2,0.00,0.00,0.00
2021-04-12-3,0.00,0.00,0.00
2021-04-12-4,0.00,0.00,0.00
2021-04-12-5,0.00,0.00,0.00
2021-04-12-6,15.04,10.36,54.75
2021-04-12-7,9.35,9.93,21.64
2021-04-12-8,6.78,7.29,14.04
2021-04-12-9,10.87,9.26,32.73
2021-04-12-10,16.47,17.57,32.72
2021-04-12-11,13.05,13.94,24.01
2021-04-12-12,24.18,21.92,61.48
2021-04-12-13,10.12,0.00,61.30
2021-04-12-14,0.00,0.00,0.00
2021-04-12-15,0.00,0.00,0.00
2021-04-12-16,0.00,0.00,0.00
2021-04-12-17,0.00,0.00,0.00
2021-04-12-18,0.00,0.00,0.00
2021-04-12-19,0.00,0.00,0.00
2021-04-12-20,0.00,0.00,0.00
2021-04-12-21,0.00,0.00,0.00
2021-04-12-22,0.00,0.00,0.00
2021-04-12-23,0.00,0.00,0.00
2021-04-13-0,0.00,0.00,0.00
2021-04-13-1,0.00,0.00,0.00
2021-04-13-2,0.00,0.00,0.00
2021-04-13-3,0.00,0.00,0.00
2021-04-13-4,0.00,0.00,0.00
2021-04-13-5,0.00,0.00,0.00
2021-04-13-6,17.36,0.00,117.72
2021-04-13-7,17.01,15.85,94.13
2021-04-13-8,15.46,16.96,28.14
2021-04-13-9,25.44,19.56,133.34
2021-04-13-10,52.82,54.96,127.59
2021-04-13-11,60.20,66.64,109.64
2021-04-13-12,49.89,51.98,94.03
2021-04-13-13,10.15,0.00,93.78
2021-04-13-14,0.00,0.00,0.00
2021-04-13-15,0.00,0.00,0.00
2021-04-13-16,0.00,0.00,0.00
2021-04-13-17,0.00,0.00,0.00
2021-04-13-18,0.00,0.00,0.00
2021-04-13-19,0.00,0.00,0.00
2021-04-13-20,0.00,0.00,0.00
2021-04-13-21,0.00,0.00,0.00
2021-04-13-22,0.00,0.00,0.00
2021-04-13-23,0.00,0.00,0.00
2021-04-14-0,0.00,0.00,0.00
2021-04-14-1,0.00,0.00,0.00
2021-04-14-2,0.00,0.00,0.00
2021-04-14-3,0.00,0.00,0.00
2021-04-14-4,0.00,0.00,0.00
2021-04-14-5,0.00,0.00,0.00
2021-04-14-6,9.96,0.00,129.94
2021-04-14-7,16.01,11.40,127.59
2021-04-14-8,3.50,3.32,21.04
2021-04-14-9,6.17,3.73,25.09
2021-04-14-10,7.71,6.82,19.57
2021-04-14-11,5.46,5.16,22.00
2021-04-14-12,23.53,24.68,53.74
2021-04-14-13,0.33,0.00,15.20
2021-04-14-14,0.00,0.00,0.00
2021-04-14-15,0.00,0.00,0.00
2021-04-14-16,0.00,0.00,0.00
2021-04-14-17,0.00,0.00,0.00
2021-04-14-18,0.00,0.00,0.00
2021-04-14-19,0.00,0.00,0.00
2021-04-14-20,0.00,0.00,0.00
2021-04-14-21,0.00,0.00,0.00
2021-04-14-22,0.00,0.00,0.00
2021-04-14-23,0.00,0.00,0.00
2021-04-15-0,0.00,0.00,0.00
2021-04-15-1,0.00,0.00,0.00
2021-04-15-2,0.00,0.00,0.00
2021-04-15-3,0.00,0.00,0.00
2021-04-15-4,0.00,0.00,0.00
2021-04-15-5,0.00,0.00,0.00
2021-04-15-6,8.58,0.00,73.49
2021-04-15-7,36.69,32.98,73.67
2021-04-15-8,9.61,9.16,20.66
2021-04-15-9,6.63,6.99,11.46
2021-04-15-10,4.80,5.10,8.83
2021-04-15-11,5.45,5.33,16.03
2021-04-15-12,27.74,24.21,88.34
2021-04-15-13,0.87,0.00,40.43
2021-04-15-14,0.00,0.00,0.00
2021-04-15-15,0.00,0.00,0.00
2021-04-15-16,0.00,0.00,0.00
2021-04-15-17,0.00,0.00,0.00
2021-04-15-18,0.00,0.00,0.00
2021-04-15-19,0.00,0.00,0.00
2021-04-15-20,0.00,0.00,0.00
2021-04-15-21,0.00,0.00,0.00
2021-04-15-22,0.00,0.00,0.00
2021-04-15-23,0.00,0.00,0.00
2021-04-18-0,0.00,0.00,0.00
2021-04-18-1,0.00,0.00,0.00
2021-04-18-2,0.00,0.00,0.00
2021-04-18-3,0.00,0.00,0.00
2021-04-18-4,0.00,0.00,0.00
2021-04-18-5,0.00,0.00,0.00
2021-04-18-6,0.00,0.00,0.00
2021-04-18-7,81.68,71.75,241.65
2021-04-18-8,99.04,91.41,248.05
2021-04-18-9,95.77,92.20,247.31
2021-04-18-10,51.84,38.77,208.98
2021-04-18-11,58.17,56.75,176.40
2021-04-18-12,61.55,75.94,143.39
2021-04-18-13,0.00,0.00,0.00
2021-04-18-14,0.00,0.00,0.00
2021-04-18-15,0.00,0.00,0.00
2021-04-18-16,0.00,0.00,0.00
2021-04-18-17,0.00,0.00,0.00
2021-04-18-18,0.00,0.00,0.00
2021-04-18-19,0.00,0.00,0.00
2021-04-18-20,0.00,0.00,0.00
2021-04-18-21,0.00,0.00,0.00
2021-04-18-22,0.00,0.00,0.00
2021-04-18-23,0.00,0.00,0.00
2021-04-19-0,0.00,0.00,0.00
2021-04-19-1,0.00,0.00,0.00
2021-04-19-2,0.00,0.00,0.00
2021-04-19-3,0.00,0.00,0.00
2021-04-19-4,0.00,0.00,0.00
2021-04-19-5,0.00,0.00,0.00
2021-04-19-6,0.00,0.00,0.00
2021-04-19-7,44.99,48.17,138.16
2021-04-19-8,54.75,33.04,242.92
2021-04-19-9,91.69,92.00,248.96
2021-04-19-10,45.83,43.67,247.93
2021-04-19-11,34.44,34.66,74.15
2021-04-19-12,36.01,52.00,96.14
2021-04-19-13,0.00,0.00,0.00
2021-04-19-14,0.00,0.00,0.00
2021-04-19-15,0.00,0.00,0.00
2021-04-19-16,0.00,0.00,0.00
2021-04-19-17,0.00,0.00,0.00
2021-04-19-18,0.00,0.00,0.00
2021-04-19-19,0.00,0.00,0.00
2021-04-19-20,0.00,0.00,0.00
2021-04-19-21,0.00,0.00,0.00
2021-04-19-22,0.00,0.00,0.00
2021-04-19-23,0.00,0.00,0.00
2021-04-20-0,0.00,0.00,0.00
2021-04-20-1,0.00,0.00,0.00
2021-04-20-2,0.00,0.00,0.00
2021-04-20-3,0.00,0.00,0.00
2021-04-20-4,0.00,0.00,0.00
2021-04-20-5,0.00,0.00,0.00
2021-04-20-6,0.00,0.00,0.00
2021-04-20-7,59.56,65.21,178.85
2021-04-20-8,65.89,70.83,139.54
2021-04-20-9,61.45,51.06,230.48
2021-04-20-10,36.48,32.76,153.56
2021-04-20-11,45.20,47.88,247.82
2021-04-20-12,47.46,61.04,114.49
2021-04-20-13,0.00,0.00,0.00
2021-04-20-14,0.00,0.00,0.00
2021-04-20-15,0.00,0.00,0.00
2021-04-20-16,0.00,0.00,0.00
2021-04-20-17,0.00,0.00,0.00
2021-04-20-18,0.00,0.00,0.00
2021-04-20-19,0.00,0.00,0.00
2021-04-20-20,0.00,0.00,0.00
2021-04-20-21,0.00,0.00,0.00
2021-04-20-22,0.00,0.00,0.00
2021-04-20-23,0.00,0.00,0.00
2021-04-22-0,0.00,0.00,0.00
2021-04-22-1,0.00,0.00,0.00
2021-04-22-2,0.00,0.00,0.00
2021-04-22-3,0.00,0.00,0.00
2021-04-22-4,0.00,0.00,0.00
2021-04-22-5,0.00,0.00,0.00
2021-04-22-6,0.00,0.00,0.00
2021-04-22-7,26.12,35.03,129.23
2021-04-22-8,28.62,28.35,115.46
2021-04-22-9,39.03,31.99,139.95
2021-04-22-10,42.13,45.11,99.66
2021-04-22-11,44.78,38.52,140.08
2021-04-22-12,33.58,0.00,138.61
2021-04-22-13,0.00,0.00,0.00
2021-04-22-14,0.00,0.00,0.00
2021-04-22-15,0.00,0.00,0.00
2021-04-22-16,0.00,0.00,0.00
2021-04-22-17,0.00,0.00,0.00
2021-04-22-18,0.00,0.00,0.00
2021-04-22-19,0.00,0.00,0.00
2021-04-22-20,0.00,0.00,0.00
2021-04-22-21,0.00,0.00,0.00
2021-04-22-22,0.00,0.00,0.00
2021-04-22-23,0.00,0.00,0.00
2021-04-23-0,0.00,0.00,0.00
2021-04-23-1,0.00,0.00,0.00
2021-04-23-2,0.00,0.00,0.00
2021-04-23-3,0.00,0.00,0.00
2021-04-23-4,0.00,0.00,0.00
2021-04-23-5,0.00,0.00,0.00
2021-04-23-6,0.00,0.00,0.00
2021-04-23-7,25.35,22.81,136.69
2021-04-23-8,54.75,40.51,227.56
2021-04-23-9,50.23,50.13,117.93
2021-04-23-10,49.59,50.13,92.20
2021-04-23-11,43.98,42.64,78.19
2021-04-23-12,10.37,0.00,77.72
2021-04-23-13,0.00,0.00,0.00
2021-04-23-14,0.00,0.00,0.00
2021-04-23-15,0.00,0.00,0.00
2021-04-23-16,0.00,0.00,0.00
2021-04-23-17,0.00,0.00,0.00
2021-04-23-18,0.00,0.00,0.00
2021-04-23-19,0.00,0.00,0.00
2021-04-23-20,0.00,0.00,0.00
2021-04-23-21,0.00,0.00,0.00
2021-04-23-22,0.00,0.00,0.00
2021-04-23-23,0.00,0.00,0.00
2021-04-24-0,0.00,0.00,0.00
2021-04-24-1,0.00,0.00,0.00
2021-04-24-2,0.00,0.00,0.00
2021-04-24-3,0.00,0.00,0.00
2021-04-24-4,0.00,0.00,0.00
2021-04-24-5,0.00,0.00,0.00
2021-04-24-6,0.00,0.00,0.00
2021-04-24-7,23.72,0.00,140.62
2021-04-24-8,77.80,63.56,239.45
2021-04-24-9,47.86,37.12,238.85
2021-04-24-10,77.88,77.61,228.14
2021-04-24-11,68.12,66.91,133.96
2021-04-24-12,19.26,0.00,129.05
2021-04-24-13,0.00,0.00,0.00
2021-04-24-14,0.00,0.00,0.00
2021-04-24-15,0.00,0.00,0.00
2021-04-24-16,0.00,0.00,0.00
2021-04-24-17,0.00,0.00,0.00
2021-04-24-18,0.00,0.00,0.00
2021-04-24-19,0.00,0.00,0.00
2021-04-24-20,0.00,0.00,0.00
2021-04-24-21,0.00,0.00,0.00
2021-04-24-22,0.00,0.00,0.00
2021-04-24-23,0.00,0.00,0.00
2021-04-25-0,0.00,0.00,0.00
2021-04-25-1,0.00,0.00,0.00
2021-04-25-2,0.00,0.00,0.00
2021-04-25-3,0.00,0.00,0.00
2021-04-25-4,0.00,0.00,0.00
2021-04-25-5,0.00,0.00,0.00
2021-04-25-6,0.00,0.00,0.00
2021-04-25-7,50.88,0.00,236.49
2021-04-25-8,174.96,209.01,249.07
2021-04-25-9,132.52,129.28,249.07
2021-04-25-10,100.06,98.80,206.90
2021-04-25-11,83.02,67.18,233.77
2021-04-25-12,5.94,0.00,235.14
2021-04-25-13,0.00,0.00,0.00
2021-04-25-14,0.00,0.00,0.00
2021-04-25-15,0.00,0.00,0.00
2021-04-25-16,0.00,0.00,0.00
2021-04-25-17,0.00,0.00,0.00
2021-04-25-18,0.00,0.00,0.00
2021-04-25-19,0.00,0.00,0.00
2021-04-25-20,0.00,0.00,0.00
2021-04-25-21,0.00,0.00,0.00
2021-04-25-22,0.00,0.00,0.00
2021-04-25-23,0.00,0.00,0.00
